id,name,acronym,st_level,depth,structure_id_path
8,"Basic cell groups and regions",grey,1,1,/997/8/
567,"Cerebrum",CH,2,2,/997/8/567/
688,"Cerebral cortex",CTX,3,3,/997/8/567/688/
695,"Cortical plate",CTXpl,4,4,/997/8/567/688/695/
315,"Isocortex",Isocortex,5,5,/997/8/567/688/695/315/
184,"Frontal pole, cerebral cortex",FRP,8,6,/997/8/567/688/695/315/184/
68,"Frontal pole, layer 1",FRP1,11,7,/997/8/567/688/695/315/184/68/
667,"Frontal pole, layer 2/3",FRP2/3,11,7,/997/8/567/688/695/315/184/667/
526157192,"Frontal pole, layer 5",FRP5,11,7,/997/8/567/688/695/315/184/526157192/
526157196,"Frontal pole, layer 6a",FRP6a,11,7,/997/8/567/688/695/315/184/526157196/
526322264,"Frontal pole, layer 6b",FRP6b,11,7,/997/8/567/688/695/315/184/526322264/
500,"Somatomotor areas",MO,6,6,/997/8/567/688/695/315/500/
107,"Somatomotor areas, Layer 1",MO1,11,7,/997/8/567/688/695/315/500/107/
219,"Somatomotor areas, Layer 2/3",MO2/3,11,7,/997/8/567/688/695/315/500/219/
299,"Somatomotor areas, Layer 5",MO5,11,7,/997/8/567/688/695/315/500/299/
644,"Somatomotor areas, Layer 6a",MO6a,11,7,/997/8/567/688/695/315/500/644/
947,"Somatomotor areas, Layer 6b",MO6b,11,7,/997/8/567/688/695/315/500/947/
985,"Primary motor area",MOp,8,7,/997/8/567/688/695/315/500/985/
320,"Primary motor area, Layer 1",MOp1,11,8,/997/8/567/688/695/315/500/985/320/
943,"Primary motor area, Layer 2/3",MOp2/3,11,8,/997/8/567/688/695/315/500/985/943/
648,"Primary motor area, Layer 5",MOp5,11,8,/997/8/567/688/695/315/500/985/648/
844,"Primary motor area, Layer 6a",MOp6a,11,8,/997/8/567/688/695/315/500/985/844/
882,"Primary motor area, Layer 6b",MOp6b,11,8,/997/8/567/688/695/315/500/985/882/
993,"Secondary motor area",MOs,8,7,/997/8/567/688/695/315/500/993/
656,"Secondary motor area, layer 1",MOs1,11,8,/997/8/567/688/695/315/500/993/656/
962,"Secondary motor area, layer 2/3",MOs2/3,11,8,/997/8/567/688/695/315/500/993/962/
767,"Secondary motor area, layer 5",MOs5,11,8,/997/8/567/688/695/315/500/993/767/
1021,"Secondary motor area, layer 6a",MOs6a,11,8,/997/8/567/688/695/315/500/993/1021/
1085,"Secondary motor area, layer 6b",MOs6b,11,8,/997/8/567/688/695/315/500/993/1085/
453,"Somatosensory areas",SS,6,6,/997/8/567/688/695/315/453/
12993,"Somatosensory areas, layer 1",SS1,11,7,/997/8/567/688/695/315/453/12993/
12994,"Somatosensory areas, layer 2/3",SS2/3,11,7,/997/8/567/688/695/315/453/12994/
12995,"Somatosensory areas, layer 4",SS4,11,7,/997/8/567/688/695/315/453/12995/
12996,"Somatosensory areas, layer 5",SS5,11,7,/997/8/567/688/695/315/453/12996/
12997,"Somatosensory areas, layer 6a",SS6a,11,7,/997/8/567/688/695/315/453/12997/
12998,"Somatosensory areas, layer 6b",SS6b,11,7,/997/8/567/688/695/315/453/12998/
322,"Primary somatosensory area",SSp,8,7,/997/8/567/688/695/315/453/322/
793,"Primary somatosensory area, layer 1",SSp1,11,8,/997/8/567/688/695/315/453/322/793/
346,"Primary somatosensory area, layer 2/3",SSp2/3,11,8,/997/8/567/688/695/315/453/322/346/
865,"Primary somatosensory area, layer 4",SSp4,11,8,/997/8/567/688/695/315/453/322/865/
921,"Primary somatosensory area, layer 5",SSp5,11,8,/997/8/567/688/695/315/453/322/921/
686,"Primary somatosensory area, layer 6a",SSp6a,11,8,/997/8/567/688/695/315/453/322/686/
719,"Primary somatosensory area, layer 6b",SSp6b,11,8,/997/8/567/688/695/315/453/322/719/
353,"Primary somatosensory area, nose",SSp-n,9,8,/997/8/567/688/695/315/453/322/353/
558,"Primary somatosensory area, nose, layer 1",SSp-n1,11,9,/997/8/567/688/695/315/453/322/353/558/
838,"Primary somatosensory area, nose, layer 2/3",SSp-n2/3,11,9,/997/8/567/688/695/315/453/322/353/838/
654,"Primary somatosensory area, nose, layer 4",SSp-n4,11,9,/997/8/567/688/695/315/453/322/353/654/
702,"Primary somatosensory area, nose, layer 5",SSp-n5,11,9,/997/8/567/688/695/315/453/322/353/702/
889,"Primary somatosensory area, nose, layer 6a",SSp-n6a,11,9,/997/8/567/688/695/315/453/322/353/889/
929,"Primary somatosensory area, nose, layer 6b",SSp-n6b,11,9,/997/8/567/688/695/315/453/322/353/929/
329,"Primary somatosensory area, barrel field",SSp-bfd,9,8,/997/8/567/688/695/315/453/322/329/
981,"Primary somatosensory area, barrel field, layer 1",SSp-bfd1,11,9,/997/8/567/688/695/315/453/322/329/981/
201,"Primary somatosensory area, barrel field, layer 2/3",SSp-bfd2/3,11,9,/997/8/567/688/695/315/453/322/329/201/
1047,"Primary somatosensory area, barrel field, layer 4",SSp-bfd4,11,9,/997/8/567/688/695/315/453/322/329/1047/
1070,"Primary somatosensory area, barrel field, layer 5",SSp-bfd5,11,9,/997/8/567/688/695/315/453/322/329/1070/
1038,"Primary somatosensory area, barrel field, layer 6a",SSp-bfd6a,11,9,/997/8/567/688/695/315/453/322/329/1038/
1062,"Primary somatosensory area, barrel field, layer 6b",SSp-bfd6b,11,9,/997/8/567/688/695/315/453/322/329/1062/
480149202,"Rostrolateral lateral visual area",VISrll,10,9,/997/8/567/688/695/315/453/322/329/480149202/
480149206,"Rostrolateral lateral visual area, layer 1",VISrll1,11,10,/997/8/567/688/695/315/453/322/329/480149202/480149206/
480149210,"Rostrolateral lateral visual area, layer 2/3",VISrll2/3,11,10,/997/8/567/688/695/315/453/322/329/480149202/480149210/
480149214,"Rostrolateral lateral visual area, layer 4",VISrll4,11,10,/997/8/567/688/695/315/453/322/329/480149202/480149214/
480149218,"Rostrolateral lateral visual area,layer 5",VISrll5,11,10,/997/8/567/688/695/315/453/322/329/480149202/480149218/
480149222,"Rostrolateral lateral visual area, layer 6a",VISrll6a,11,10,/997/8/567/688/695/315/453/322/329/480149202/480149222/
480149226,"Rostrolateral lateral visual area, layer 6b",VISrll6b,11,10,/997/8/567/688/695/315/453/322/329/480149202/480149226/
337,"Primary somatosensory area, lower limb",SSp-ll,9,8,/997/8/567/688/695/315/453/322/337/
1030,"Primary somatosensory area, lower limb, layer 1",SSp-ll1,11,9,/997/8/567/688/695/315/453/322/337/1030/
113,"Primary somatosensory area, lower limb, layer 2/3",SSp-ll2/3,11,9,/997/8/567/688/695/315/453/322/337/113/
1094,"Primary somatosensory area, lower limb, layer 4",SSp-ll4,11,9,/997/8/567/688/695/315/453/322/337/1094/
1128,"Primary somatosensory area, lower limb, layer 5",SSp-ll5,11,9,/997/8/567/688/695/315/453/322/337/1128/
478,"Primary somatosensory area, lower limb, layer 6a",SSp-ll6a,11,9,/997/8/567/688/695/315/453/322/337/478/
510,"Primary somatosensory area, lower limb, layer 6b",SSp-ll6b,11,9,/997/8/567/688/695/315/453/322/337/510/
345,"Primary somatosensory area, mouth",SSp-m,9,8,/997/8/567/688/695/315/453/322/345/
878,"Primary somatosensory area, mouth, layer 1",SSp-m1,11,9,/997/8/567/688/695/315/453/322/345/878/
657,"Primary somatosensory area, mouth, layer 2/3",SSp-m2/3,11,9,/997/8/567/688/695/315/453/322/345/657/
950,"Primary somatosensory area, mouth, layer 4",SSp-m4,11,9,/997/8/567/688/695/315/453/322/345/950/
974,"Primary somatosensory area, mouth, layer 5",SSp-m5,11,9,/997/8/567/688/695/315/453/322/345/974/
1102,"Primary somatosensory area, mouth, layer 6a",SSp-m6a,11,9,/997/8/567/688/695/315/453/322/345/1102/
2,"Primary somatosensory area, mouth, layer 6b",SSp-m6b,11,9,/997/8/567/688/695/315/453/322/345/2/
369,"Primary somatosensory area, upper limb",SSp-ul,9,8,/997/8/567/688/695/315/453/322/369/
450,"Primary somatosensory area, upper limb, layer 1",SSp-ul1,11,9,/997/8/567/688/695/315/453/322/369/450/
854,"Primary somatosensory area, upper limb, layer 2/3",SSp-ul2/3,11,9,/997/8/567/688/695/315/453/322/369/854/
577,"Primary somatosensory area, upper limb, layer 4",SSp-ul4,11,9,/997/8/567/688/695/315/453/322/369/577/
625,"Primary somatosensory area, upper limb, layer 5",SSp-ul5,11,9,/997/8/567/688/695/315/453/322/369/625/
945,"Primary somatosensory area, upper limb, layer 6a",SSp-ul6a,11,9,/997/8/567/688/695/315/453/322/369/945/
1026,"Primary somatosensory area, upper limb, layer 6b",SSp-ul6b,11,9,/997/8/567/688/695/315/453/322/369/1026/
361,"Primary somatosensory area, trunk",SSp-tr,9,8,/997/8/567/688/695/315/453/322/361/
1006,"Primary somatosensory area, trunk, layer 1",SSp-tr1,11,9,/997/8/567/688/695/315/453/322/361/1006/
670,"Primary somatosensory area, trunk, layer 2/3",SSp-tr2/3,11,9,/997/8/567/688/695/315/453/322/361/670/
1086,"Primary somatosensory area, trunk, layer 4",SSp-tr4,11,9,/997/8/567/688/695/315/453/322/361/1086/
1111,"Primary somatosensory area, trunk, layer 5",SSp-tr5,11,9,/997/8/567/688/695/315/453/322/361/1111/
9,"Primary somatosensory area, trunk, layer 6a",SSp-tr6a,11,9,/997/8/567/688/695/315/453/322/361/9/
461,"Primary somatosensory area, trunk, layer 6b",SSp-tr6b,11,9,/997/8/567/688/695/315/453/322/361/461/
182305689,"Primary somatosensory area, unassigned",SSp-un,9,8,/997/8/567/688/695/315/453/322/182305689/
182305693,"Primary somatosensory area, unassigned, layer 1",SSp-un1,11,9,/997/8/567/688/695/315/453/322/182305689/182305693/
182305697,"Primary somatosensory area, unassigned, layer 2/3",SSp-un2/3,11,9,/997/8/567/688/695/315/453/322/182305689/182305697/
182305701,"Primary somatosensory area, unassigned, layer 4",SSp-un4,11,9,/997/8/567/688/695/315/453/322/182305689/182305701/
182305705,"Primary somatosensory area, unassigned, layer 5",SSp-un5,11,9,/997/8/567/688/695/315/453/322/182305689/182305705/
182305709,"Primary somatosensory area, unassigned, layer 6a",SSp-un6a,11,9,/997/8/567/688/695/315/453/322/182305689/182305709/
182305713,"Primary somatosensory area, unassigned, layer 6b",SSp-un6b,11,9,/997/8/567/688/695/315/453/322/182305689/182305713/
378,"Supplemental somatosensory area",SSs,8,7,/997/8/567/688/695/315/453/378/
873,"Supplemental somatosensory area, layer 1",SSs1,11,8,/997/8/567/688/695/315/453/378/873/
806,"Supplemental somatosensory area, layer 2/3",SSs2/3,11,8,/997/8/567/688/695/315/453/378/806/
1035,"Supplemental somatosensory area, layer 4",SSs4,11,8,/997/8/567/688/695/315/453/378/1035/
1090,"Supplemental somatosensory area, layer 5",SSs5,11,8,/997/8/567/688/695/315/453/378/1090/
862,"Supplemental somatosensory area, layer 6a",SSs6a,11,8,/997/8/567/688/695/315/453/378/862/
893,"Supplemental somatosensory area, layer 6b",SSs6b,11,8,/997/8/567/688/695/315/453/378/893/
1057,"Gustatory areas",GU,6,6,/997/8/567/688/695/315/1057/
36,"Gustatory areas, layer 1",GU1,11,7,/997/8/567/688/695/315/1057/36/
180,"Gustatory areas, layer 2/3",GU2/3,11,7,/997/8/567/688/695/315/1057/180/
148,"Gustatory areas, layer 4",GU4,11,7,/997/8/567/688/695/315/1057/148/
187,"Gustatory areas, layer 5",GU5,11,7,/997/8/567/688/695/315/1057/187/
638,"Gustatory areas, layer 6a",GU6a,11,7,/997/8/567/688/695/315/1057/638/
662,"Gustatory areas, layer 6b",GU6b,11,7,/997/8/567/688/695/315/1057/662/
677,"Visceral area",VISC,8,6,/997/8/567/688/695/315/677/
897,"Visceral area, layer 1",VISC1,11,7,/997/8/567/688/695/315/677/897/
1106,"Visceral area, layer 2/3",VISC2/3,11,7,/997/8/567/688/695/315/677/1106/
1010,"Visceral area, layer 4",VISC4,11,7,/997/8/567/688/695/315/677/1010/
1058,"Visceral area, layer 5",VISC5,11,7,/997/8/567/688/695/315/677/1058/
857,"Visceral area, layer 6a",VISC6a,11,7,/997/8/567/688/695/315/677/857/
849,"Visceral area, layer 6b",VISC6b,11,7,/997/8/567/688/695/315/677/849/
247,"Auditory areas",AUD,6,6,/997/8/567/688/695/315/247/
1011,"Dorsal auditory area",AUDd,8,7,/997/8/567/688/695/315/247/1011/
527,"Dorsal auditory area, layer 1",AUDd1,11,8,/997/8/567/688/695/315/247/1011/527/
600,"Dorsal auditory area, layer 2/3",AUDd2/3,11,8,/997/8/567/688/695/315/247/1011/600/
678,"Dorsal auditory area, layer 4",AUDd4,11,8,/997/8/567/688/695/315/247/1011/678/
252,"Dorsal auditory area, layer 5",AUDd5,11,8,/997/8/567/688/695/315/247/1011/252/
156,"Dorsal auditory area, layer 6a",AUDd6a,11,8,/997/8/567/688/695/315/247/1011/156/
243,"Dorsal auditory area, layer 6b",AUDd6b,11,8,/997/8/567/688/695/315/247/1011/243/
480149230,"Laterolateral anterior visual area",VISlla,10,8,/997/8/567/688/695/315/247/1011/480149230/
480149234,"Laterolateral anterior visual area, layer 1",VISlla1,11,9,/997/8/567/688/695/315/247/1011/480149230/480149234/
480149238,"Laterolateral anterior visual area, layer 2/3",VISlla2/3,11,9,/997/8/567/688/695/315/247/1011/480149230/480149238/
480149242,"Laterolateral anterior visual area, layer 4",VISlla4,11,9,/997/8/567/688/695/315/247/1011/480149230/480149242/
480149246,"Laterolateral anterior visual area,layer 5",VISlla5,11,9,/997/8/567/688/695/315/247/1011/480149230/480149246/
480149250,"Laterolateral anterior visual area, layer 6a",VISlla6a,11,9,/997/8/567/688/695/315/247/1011/480149230/480149250/
480149254,"Laterolateral anterior visual area, layer 6b",VISlla6b,11,9,/997/8/567/688/695/315/247/1011/480149230/480149254/
1002,"Primary auditory area",AUDp,8,7,/997/8/567/688/695/315/247/1002/
735,"Primary auditory area, layer 1",AUDp1,11,8,/997/8/567/688/695/315/247/1002/735/
251,"Primary auditory area, layer 2/3",AUDp2/3,11,8,/997/8/567/688/695/315/247/1002/251/
816,"Primary auditory area, layer 4",AUDp4,11,8,/997/8/567/688/695/315/247/1002/816/
847,"Primary auditory area, layer 5",AUDp5,11,8,/997/8/567/688/695/315/247/1002/847/
954,"Primary auditory area, layer 6a",AUDp6a,11,8,/997/8/567/688/695/315/247/1002/954/
1005,"Primary auditory area, layer 6b",AUDp6b,11,8,/997/8/567/688/695/315/247/1002/1005/
1027,"Posterior auditory area",AUDpo,8,7,/997/8/567/688/695/315/247/1027/
696,"Posterior auditory area, layer 1",AUDpo1,11,8,/997/8/567/688/695/315/247/1027/696/
643,"Posterior auditory area, layer 2/3",AUDpo2/3,11,8,/997/8/567/688/695/315/247/1027/643/
759,"Posterior auditory area, layer 4",AUDpo4,11,8,/997/8/567/688/695/315/247/1027/759/
791,"Posterior auditory area, layer 5",AUDpo5,11,8,/997/8/567/688/695/315/247/1027/791/
249,"Posterior auditory area, layer 6a",AUDpo6a,11,8,/997/8/567/688/695/315/247/1027/249/
456,"Posterior auditory area, layer 6b",AUDpo6b,11,8,/997/8/567/688/695/315/247/1027/456/
1018,"Ventral auditory area",AUDv,8,7,/997/8/567/688/695/315/247/1018/
959,"Ventral auditory area, layer 1",AUDv1,11,8,/997/8/567/688/695/315/247/1018/959/
755,"Ventral auditory area, layer 2/3",AUDv2/3,11,8,/997/8/567/688/695/315/247/1018/755/
990,"Ventral auditory area, layer 4",AUDv4,11,8,/997/8/567/688/695/315/247/1018/990/
1023,"Ventral auditory area, layer 5",AUDv5,11,8,/997/8/567/688/695/315/247/1018/1023/
520,"Ventral auditory area, layer 6a",AUDv6a,11,8,/997/8/567/688/695/315/247/1018/520/
598,"Ventral auditory area, layer 6b",AUDv6b,11,8,/997/8/567/688/695/315/247/1018/598/
669,"Visual areas",VIS,6,6,/997/8/567/688/695/315/669/
801,"Visual areas, layer 1",VIS1,11,7,/997/8/567/688/695/315/669/801/
561,"Visual areas, layer 2/3",VIS2/3,11,7,/997/8/567/688/695/315/669/561/
913,"Visual areas, layer 4",VIS4,11,7,/997/8/567/688/695/315/669/913/
937,"Visual areas, layer 5",VIS5,11,7,/997/8/567/688/695/315/669/937/
457,"Visual areas, layer 6a",VIS6a,11,7,/997/8/567/688/695/315/669/457/
497,"Visual areas, layer 6b",VIS6b,11,7,/997/8/567/688/695/315/669/497/
402,"Anterolateral visual area",VISal,8,7,/997/8/567/688/695/315/669/402/
1074,"Anterolateral visual area, layer 1",VISal1,11,8,/997/8/567/688/695/315/669/402/1074/
905,"Anterolateral visual area, layer 2/3",VISal2/3,11,8,/997/8/567/688/695/315/669/402/905/
1114,"Anterolateral visual area, layer 4",VISal4,11,8,/997/8/567/688/695/315/669/402/1114/
233,"Anterolateral visual area, layer 5",VISal5,11,8,/997/8/567/688/695/315/669/402/233/
601,"Anterolateral visual area, layer 6a",VISal6a,11,8,/997/8/567/688/695/315/669/402/601/
649,"Anterolateral visual area, layer 6b",VISal6b,11,8,/997/8/567/688/695/315/669/402/649/
394,"Anteromedial visual area",VISam,8,7,/997/8/567/688/695/315/669/394/
281,"Anteromedial visual area, layer 1",VISam1,11,8,/997/8/567/688/695/315/669/394/281/
1066,"Anteromedial visual area, layer 2/3",VISam2/3,11,8,/997/8/567/688/695/315/669/394/1066/
401,"Anteromedial visual area, layer 4",VISam4,11,8,/997/8/567/688/695/315/669/394/401/
433,"Anteromedial visual area, layer 5",VISam5,11,8,/997/8/567/688/695/315/669/394/433/
1046,"Anteromedial visual area, layer 6a",VISam6a,11,8,/997/8/567/688/695/315/669/394/1046/
441,"Anteromedial visual area, layer 6b",VISam6b,11,8,/997/8/567/688/695/315/669/394/441/
409,"Lateral visual area",VISl,8,7,/997/8/567/688/695/315/669/409/
421,"Lateral visual area, layer 1",VISl1,11,8,/997/8/567/688/695/315/669/409/421/
973,"Lateral visual area, layer 2/3",VISl2/3,11,8,/997/8/567/688/695/315/669/409/973/
573,"Lateral visual area, layer 4",VISl4,11,8,/997/8/567/688/695/315/669/409/573/
613,"Lateral visual area, layer 5",VISl5,11,8,/997/8/567/688/695/315/669/409/613/
74,"Lateral visual area, layer 6a",VISl6a,11,8,/997/8/567/688/695/315/669/409/74/
121,"Lateral visual area, layer 6b",VISl6b,11,8,/997/8/567/688/695/315/669/409/121/
385,"Primary visual area",VISp,8,7,/997/8/567/688/695/315/669/385/
593,"Primary visual area, layer 1",VISp1,11,8,/997/8/567/688/695/315/669/385/593/
821,"Primary visual area, layer 2/3",VISp2/3,11,8,/997/8/567/688/695/315/669/385/821/
721,"Primary visual area, layer 4",VISp4,11,8,/997/8/567/688/695/315/669/385/721/
778,"Primary visual area, layer 5",VISp5,11,8,/997/8/567/688/695/315/669/385/778/
33,"Primary visual area, layer 6a",VISp6a,11,8,/997/8/567/688/695/315/669/385/33/
305,"Primary visual area, layer 6b",VISp6b,11,8,/997/8/567/688/695/315/669/385/305/
425,"Posterolateral visual area",VISpl,8,7,/997/8/567/688/695/315/669/425/
750,"Posterolateral visual area, layer 1",VISpl1,11,8,/997/8/567/688/695/315/669/425/750/
269,"Posterolateral visual area, layer 2/3",VISpl2/3,11,8,/997/8/567/688/695/315/669/425/269/
869,"Posterolateral visual area, layer 4",VISpl4,11,8,/997/8/567/688/695/315/669/425/869/
902,"Posterolateral visual area, layer 5",VISpl5,11,8,/997/8/567/688/695/315/669/425/902/
377,"Posterolateral visual area, layer 6a",VISpl6a,11,8,/997/8/567/688/695/315/669/425/377/
393,"Posterolateral visual area, layer 6b",VISpl6b,11,8,/997/8/567/688/695/315/669/425/393/
533,"posteromedial visual area",VISpm,8,7,/997/8/567/688/695/315/669/533/
805,"posteromedial visual area, layer 1",VISpm1,11,8,/997/8/567/688/695/315/669/533/805/
41,"posteromedial visual area, layer 2/3",VISpm2/3,11,8,/997/8/567/688/695/315/669/533/41/
501,"posteromedial visual area, layer 4",VISpm4,11,8,/997/8/567/688/695/315/669/533/501/
565,"posteromedial visual area, layer 5",VISpm5,11,8,/997/8/567/688/695/315/669/533/565/
257,"posteromedial visual area, layer 6a",VISpm6a,11,8,/997/8/567/688/695/315/669/533/257/
469,"posteromedial visual area, layer 6b",VISpm6b,11,8,/997/8/567/688/695/315/669/533/469/
312782574,"Laterointermediate area",VISli,8,7,/997/8/567/688/695/315/669/312782574/
312782578,"Laterointermediate area, layer 1",VISli1,11,8,/997/8/567/688/695/315/669/312782574/312782578/
312782582,"Laterointermediate area, layer 2/3",VISli2/3,11,8,/997/8/567/688/695/315/669/312782574/312782582/
312782586,"Laterointermediate area, layer 4",VISli4,11,8,/997/8/567/688/695/315/669/312782574/312782586/
312782590,"Laterointermediate area, layer 5",VISli5,11,8,/997/8/567/688/695/315/669/312782574/312782590/
312782594,"Laterointermediate area, layer 6a",VISli6a,11,8,/997/8/567/688/695/315/669/312782574/312782594/
312782598,"Laterointermediate area, layer 6b",VISli6b,11,8,/997/8/567/688/695/315/669/312782574/312782598/
312782628,"Postrhinal area",VISpor,8,7,/997/8/567/688/695/315/669/312782628/
312782632,"Postrhinal area, layer 1",VISpor1,11,8,/997/8/567/688/695/315/669/312782628/312782632/
312782636,"Postrhinal area, layer 2/3",VISpor2/3,11,8,/997/8/567/688/695/315/669/312782628/312782636/
312782640,"Postrhinal area, layer 4",VISpor4,11,8,/997/8/567/688/695/315/669/312782628/312782640/
312782644,"Postrhinal area, layer 5",VISpor5,11,8,/997/8/567/688/695/315/669/312782628/312782644/
312782648,"Postrhinal area, layer 6a",VISpor6a,11,8,/997/8/567/688/695/315/669/312782628/312782648/
312782652,"Postrhinal area, layer 6b",VISpor6b,11,8,/997/8/567/688/695/315/669/312782628/312782652/
31,"Anterior cingulate area",ACA,8,6,/997/8/567/688/695/315/31/
572,"Anterior cingulate area, layer 1",ACA1,11,7,/997/8/567/688/695/315/31/572/
1053,"Anterior cingulate area, layer 2/3",ACA2/3,11,7,/997/8/567/688/695/315/31/1053/
739,"Anterior cingulate area, layer 5",ACA5,11,7,/997/8/567/688/695/315/31/739/
179,"Anterior cingulate area, layer 6a",ACA6a,11,7,/997/8/567/688/695/315/31/179/
227,"Anterior cingulate area, layer 6b",ACA6b,11,7,/997/8/567/688/695/315/31/227/
39,"Anterior cingulate area, dorsal part",ACAd,9,7,/997/8/567/688/695/315/31/39/
935,"Anterior cingulate area, dorsal part, layer 1",ACAd1,11,8,/997/8/567/688/695/315/31/39/935/
211,"Anterior cingulate area, dorsal part, layer 2/3",ACAd2/3,11,8,/997/8/567/688/695/315/31/39/211/
1015,"Anterior cingulate area, dorsal part, layer 5",ACAd5,11,8,/997/8/567/688/695/315/31/39/1015/
919,"Anterior cingulate area, dorsal part, layer 6a",ACAd6a,11,8,/997/8/567/688/695/315/31/39/919/
927,"Anterior cingulate area, dorsal part, layer 6b",ACAd6b,11,8,/997/8/567/688/695/315/31/39/927/
48,"Anterior cingulate area, ventral part",ACAv,9,7,/997/8/567/688/695/315/31/48/
588,"Anterior cingulate area, ventral part, layer 1",ACAv1,11,8,/997/8/567/688/695/315/31/48/588/
296,"Anterior cingulate area, ventral part, layer 2/3",ACAv2/3,11,8,/997/8/567/688/695/315/31/48/296/
772,"Anterior cingulate area, ventral part, layer 5",ACAv5,11,8,/997/8/567/688/695/315/31/48/772/
810,"Anterior cingulate area, ventral part, 6a",ACAv6a,11,8,/997/8/567/688/695/315/31/48/810/
819,"Anterior cingulate area, ventral part, 6b",ACAv6b,11,8,/997/8/567/688/695/315/31/48/819/
972,"Prelimbic area",PL,8,6,/997/8/567/688/695/315/972/
171,"Prelimbic area, layer 1",PL1,11,7,/997/8/567/688/695/315/972/171/
195,"Prelimbic area, layer 2",PL2,11,7,/997/8/567/688/695/315/972/195/
304,"Prelimbic area, layer 2/3",PL2/3,11,7,/997/8/567/688/695/315/972/304/
363,"Prelimbic area, layer 5",PL5,11,7,/997/8/567/688/695/315/972/363/
84,"Prelimbic area, layer 6a",PL6a,11,7,/997/8/567/688/695/315/972/84/
132,"Prelimbic area, layer 6b",PL6b,11,7,/997/8/567/688/695/315/972/132/
44,"Infralimbic area",ILA,8,6,/997/8/567/688/695/315/44/
707,"Infralimbic area, layer 1",ILA1,11,7,/997/8/567/688/695/315/44/707/
747,"Infralimbic area, layer 2",ILA2,11,7,/997/8/567/688/695/315/44/747/
556,"Infralimbic area, layer 2/3",ILA2/3,11,7,/997/8/567/688/695/315/44/556/
827,"Infralimbic area, layer 5",ILA5,11,7,/997/8/567/688/695/315/44/827/
1054,"Infralimbic area, layer 6a",ILA6a,11,7,/997/8/567/688/695/315/44/1054/
1081,"Infralimbic area, layer 6b",ILA6b,11,7,/997/8/567/688/695/315/44/1081/
714,"Orbital area",ORB,8,6,/997/8/567/688/695/315/714/
264,"Orbital area, layer 1",ORB1,11,7,/997/8/567/688/695/315/714/264/
492,"Orbital area, layer 2/3",ORB2/3,11,7,/997/8/567/688/695/315/714/492/
352,"Orbital area, layer 5",ORB5,11,7,/997/8/567/688/695/315/714/352/
476,"Orbital area, layer 6a",ORB6a,11,7,/997/8/567/688/695/315/714/476/
516,"Orbital area, layer 6b",ORB6b,11,7,/997/8/567/688/695/315/714/516/
723,"Orbital area, lateral part",ORBl,9,7,/997/8/567/688/695/315/714/723/
448,"Orbital area, lateral part, layer 1",ORBl1,11,8,/997/8/567/688/695/315/714/723/448/
412,"Orbital area, lateral part, layer 2/3",ORBl2/3,11,8,/997/8/567/688/695/315/714/723/412/
630,"Orbital area, lateral part, layer 5",ORBl5,11,8,/997/8/567/688/695/315/714/723/630/
440,"Orbital area, lateral part, layer 6a",ORBl6a,11,8,/997/8/567/688/695/315/714/723/440/
488,"Orbital area, lateral part, layer 6b",ORBl6b,11,8,/997/8/567/688/695/315/714/723/488/
731,"Orbital area, medial part",ORBm,9,7,/997/8/567/688/695/315/714/731/
484,"Orbital area, medial part, layer 1",ORBm1,11,8,/997/8/567/688/695/315/714/731/484/
524,"Orbital area, medial part, layer 2",ORBm2,11,8,/997/8/567/688/695/315/714/731/524/
582,"Orbital area, medial part, layer 2/3",ORBm2/3,11,8,/997/8/567/688/695/315/714/731/582/
620,"Orbital area, medial part, layer 5",ORBm5,11,8,/997/8/567/688/695/315/714/731/620/
910,"Orbital area, medial part, layer 6a",ORBm6a,11,8,/997/8/567/688/695/315/714/731/910/
527696977,"Orbital area, medial part, layer 6b",ORBm6b,11,8,/997/8/567/688/695/315/714/731/527696977/
738,"Orbital area, ventral part",ORBv,9,7,/997/8/567/688/695/315/714/738/
746,"Orbital area, ventrolateral part",ORBvl,9,7,/997/8/567/688/695/315/714/746/
969,"Orbital area, ventrolateral part, layer 1",ORBvl1,11,8,/997/8/567/688/695/315/714/746/969/
288,"Orbital area, ventrolateral part, layer 2/3",ORBvl2/3,11,8,/997/8/567/688/695/315/714/746/288/
1125,"Orbital area, ventrolateral part, layer 5",ORBvl5,11,8,/997/8/567/688/695/315/714/746/1125/
608,"Orbital area, ventrolateral part, layer 6a",ORBvl6a,11,8,/997/8/567/688/695/315/714/746/608/
680,"Orbital area, ventrolateral part, layer 6b",ORBvl6b,11,8,/997/8/567/688/695/315/714/746/680/
95,"Agranular insular area",AI,8,6,/997/8/567/688/695/315/95/
104,"Agranular insular area, dorsal part",AId,9,7,/997/8/567/688/695/315/95/104/
996,"Agranular insular area, dorsal part, layer 1",AId1,11,8,/997/8/567/688/695/315/95/104/996/
328,"Agranular insular area, dorsal part, layer 2/3",AId2/3,11,8,/997/8/567/688/695/315/95/104/328/
1101,"Agranular insular area, dorsal part, layer 5",AId5,11,8,/997/8/567/688/695/315/95/104/1101/
783,"Agranular insular area, dorsal part, layer 6a",AId6a,11,8,/997/8/567/688/695/315/95/104/783/
831,"Agranular insular area, dorsal part, layer 6b",AId6b,11,8,/997/8/567/688/695/315/95/104/831/
111,"Agranular insular area, posterior part",AIp,9,7,/997/8/567/688/695/315/95/111/
120,"Agranular insular area, posterior part, layer 1",AIp1,11,8,/997/8/567/688/695/315/95/111/120/
163,"Agranular insular area, posterior part, layer 2/3",AIp2/3,11,8,/997/8/567/688/695/315/95/111/163/
344,"Agranular insular area, posterior part, layer 5",AIp5,11,8,/997/8/567/688/695/315/95/111/344/
314,"Agranular insular area, posterior part, layer 6a",AIp6a,11,8,/997/8/567/688/695/315/95/111/314/
355,"Agranular insular area, posterior part, layer 6b",AIp6b,11,8,/997/8/567/688/695/315/95/111/355/
119,"Agranular insular area, ventral part",AIv,9,7,/997/8/567/688/695/315/95/119/
704,"Agranular insular area, ventral part, layer 1",AIv1,11,8,/997/8/567/688/695/315/95/119/704/
694,"Agranular insular area, ventral part, layer 2/3",AIv2/3,11,8,/997/8/567/688/695/315/95/119/694/
800,"Agranular insular area, ventral part, layer 5",AIv5,11,8,/997/8/567/688/695/315/95/119/800/
675,"Agranular insular area, ventral part, layer 6a",AIv6a,11,8,/997/8/567/688/695/315/95/119/675/
699,"Agranular insular area, ventral part, layer 6b",AIv6b,11,8,/997/8/567/688/695/315/95/119/699/
254,"Retrosplenial area",RSP,8,6,/997/8/567/688/695/315/254/
894,"Retrosplenial area, lateral agranular part",RSPagl,9,7,/997/8/567/688/695/315/254/894/
671,"Retrosplenial area, lateral agranular part, layer 1",RSPagl1,11,8,/997/8/567/688/695/315/254/894/671/
965,"Retrosplenial area, lateral agranular part, layer 2/3",RSPagl2/3,11,8,/997/8/567/688/695/315/254/894/965/
774,"Retrosplenial area, lateral agranular part, layer 5",RSPagl5,11,8,/997/8/567/688/695/315/254/894/774/
906,"Retrosplenial area, lateral agranular part, layer 6a",RSPagl6a,11,8,/997/8/567/688/695/315/254/894/906/
279,"Retrosplenial area, lateral agranular part, layer 6b",RSPagl6b,11,8,/997/8/567/688/695/315/254/894/279/
480149258,"Mediomedial anterior visual area",VISmma,10,8,/997/8/567/688/695/315/254/894/480149258/
480149262,"Mediomedial anterior visual area, layer 1",VISmma1,11,9,/997/8/567/688/695/315/254/894/480149258/480149262/
480149266,"Mediomedial anterior visual area, layer 2/3",VISmma2/3,11,9,/997/8/567/688/695/315/254/894/480149258/480149266/
480149270,"Mediomedial anterior visual area, layer 4",VISmma4,11,9,/997/8/567/688/695/315/254/894/480149258/480149270/
480149274,"Mediomedial anterior visual area,layer 5",VISmma5,11,9,/997/8/567/688/695/315/254/894/480149258/480149274/
480149278,"Mediomedial anterior visual area, layer 6a",VISmma6a,11,9,/997/8/567/688/695/315/254/894/480149258/480149278/
480149282,"Mediomedial anterior visual area, layer 6b",VISmma6b,11,9,/997/8/567/688/695/315/254/894/480149258/480149282/
480149286,"Mediomedial posterior visual area",VISmmp,10,8,/997/8/567/688/695/315/254/894/480149286/
480149290,"Mediomedial posterior visual area, layer 1",VISmmp1,11,9,/997/8/567/688/695/315/254/894/480149286/480149290/
480149294,"Mediomedial posterior visual area, layer 2/3",VISmmp2/3,11,9,/997/8/567/688/695/315/254/894/480149286/480149294/
480149298,"Mediomedial posterior visual area, layer 4",VISmmp4,11,9,/997/8/567/688/695/315/254/894/480149286/480149298/
480149302,"Mediomedial posterior visual area,layer 5",VISmmp5,11,9,/997/8/567/688/695/315/254/894/480149286/480149302/
480149306,"Mediomedial posterior visual area, layer 6a",VISmmp6a,11,9,/997/8/567/688/695/315/254/894/480149286/480149306/
480149310,"Mediomedial posterior visual area, layer 6b",VISmmp6b,11,9,/997/8/567/688/695/315/254/894/480149286/480149310/
480149314,"Medial visual area",VISm,10,8,/997/8/567/688/695/315/254/894/480149314/
480149318,"Medial visual area, layer 1",VISm1,11,9,/997/8/567/688/695/315/254/894/480149314/480149318/
480149322,"Medial visual area, layer 2/3",VISm2/3,11,9,/997/8/567/688/695/315/254/894/480149314/480149322/
480149326,"Medial visual area, layer 4",VISm4,11,9,/997/8/567/688/695/315/254/894/480149314/480149326/
480149330,"Medial visual area,layer 5",VISm5,11,9,/997/8/567/688/695/315/254/894/480149314/480149330/
480149334,"Medial visual area, layer 6a",VISm6a,11,9,/997/8/567/688/695/315/254/894/480149314/480149334/
480149338,"Medial visual area, layer 6b",VISm6b,11,9,/997/8/567/688/695/315/254/894/480149314/480149338/
879,"Retrosplenial area, dorsal part",RSPd,9,7,/997/8/567/688/695/315/254/879/
442,"Retrosplenial area, dorsal part, layer 1",RSPd1,11,8,/997/8/567/688/695/315/254/879/442/
434,"Retrosplenial area, dorsal part, layer 2/3",RSPd2/3,11,8,/997/8/567/688/695/315/254/879/434/
545,"Retrosplenial area, dorsal part, layer 4",RSPd4,11,8,/997/8/567/688/695/315/254/879/545/
610,"Retrosplenial area, dorsal part, layer 5",RSPd5,11,8,/997/8/567/688/695/315/254/879/610/
274,"Retrosplenial area, dorsal part, layer 6a",RSPd6a,11,8,/997/8/567/688/695/315/254/879/274/
330,"Retrosplenial area, dorsal part, layer 6b",RSPd6b,11,8,/997/8/567/688/695/315/254/879/330/
886,"Retrosplenial area, ventral part",RSPv,9,7,/997/8/567/688/695/315/254/886/
542,"Retrosplenial area, ventral part, layer 1",RSPv1,11,8,/997/8/567/688/695/315/254/886/542/
606,"Retrosplenial area, ventral part, layer 2",RSPv2,11,8,/997/8/567/688/695/315/254/886/606/
430,"Retrosplenial area, ventral part, layer 2/3",RSPv2/3,11,8,/997/8/567/688/695/315/254/886/430/
687,"Retrosplenial area, ventral part, layer 5",RSPv5,11,8,/997/8/567/688/695/315/254/886/687/
590,"Retrosplenial area, ventral part, layer 6a",RSPv6a,11,8,/997/8/567/688/695/315/254/886/590/
622,"Retrosplenial area, ventral part, layer 6b",RSPv6b,11,8,/997/8/567/688/695/315/254/886/622/
22,"Posterior parietal association areas",PTLp,6,6,/997/8/567/688/695/315/22/
532,"Posterior parietal association areas, layer 1",PTLp1,11,7,/997/8/567/688/695/315/22/532/
241,"Posterior parietal association areas, layer 2/3",PTLp2/3,11,7,/997/8/567/688/695/315/22/241/
635,"Posterior parietal association areas, layer 4",PTLp4,11,7,/997/8/567/688/695/315/22/635/
683,"Posterior parietal association areas, layer 5",PTLp5,11,7,/997/8/567/688/695/315/22/683/
308,"Posterior parietal association areas, layer 6a",PTLp6a,11,7,/997/8/567/688/695/315/22/308/
340,"Posterior parietal association areas, layer 6b",PTLp6b,11,7,/997/8/567/688/695/315/22/340/
312782546,"Anterior area",VISa,8,7,/997/8/567/688/695/315/22/312782546/
312782550,"Anterior area, layer 1",VISa1,11,8,/997/8/567/688/695/315/22/312782546/312782550/
312782554,"Anterior area, layer 2/3",VISa2/3,11,8,/997/8/567/688/695/315/22/312782546/312782554/
312782558,"Anterior area, layer 4",VISa4,11,8,/997/8/567/688/695/315/22/312782546/312782558/
312782562,"Anterior area, layer 5",VISa5,11,8,/997/8/567/688/695/315/22/312782546/312782562/
312782566,"Anterior area, layer 6a",VISa6a,11,8,/997/8/567/688/695/315/22/312782546/312782566/
312782570,"Anterior area, layer 6b",VISa6b,11,8,/997/8/567/688/695/315/22/312782546/312782570/
417,"Rostrolateral visual area",VISrl,8,7,/997/8/567/688/695/315/22/417/
312782604,"Rostrolateral area, layer 1",VISrl1,11,8,/997/8/567/688/695/315/22/417/312782604/
312782608,"Rostrolateral area, layer 2/3",VISrl2/3,11,8,/997/8/567/688/695/315/22/417/312782608/
312782612,"Rostrolateral area, layer 4",VISrl4,11,8,/997/8/567/688/695/315/22/417/312782612/
312782616,"Rostrolateral area, layer 5",VISrl5,11,8,/997/8/567/688/695/315/22/417/312782616/
312782620,"Rostrolateral area, layer 6a",VISrl6a,11,8,/997/8/567/688/695/315/22/417/312782620/
312782624,"Rostrolateral area, layer 6b",VISrl6b,11,8,/997/8/567/688/695/315/22/417/312782624/
541,"Temporal association areas",TEa,6,6,/997/8/567/688/695/315/541/
97,"Temporal association areas, layer 1",TEa1,11,7,/997/8/567/688/695/315/541/97/
1127,"Temporal association areas, layer 2/3",TEa2/3,11,7,/997/8/567/688/695/315/541/1127/
234,"Temporal association areas, layer 4",TEa4,11,7,/997/8/567/688/695/315/541/234/
289,"Temporal association areas, layer 5",TEa5,11,7,/997/8/567/688/695/315/541/289/
729,"Temporal association areas, layer 6a",TEa6a,11,7,/997/8/567/688/695/315/541/729/
786,"Temporal association areas, layer 6b",TEa6b,11,7,/997/8/567/688/695/315/541/786/
922,"Perirhinal area",PERI,8,6,/997/8/567/688/695/315/922/
540,"Perirhinal area, layer 1",PERI1,11,7,/997/8/567/688/695/315/922/540/
888,"Perirhinal area, layer 2/3",PERI2/3,11,7,/997/8/567/688/695/315/922/888/
692,"Perirhinal area, layer 5",PERI5,11,7,/997/8/567/688/695/315/922/692/
335,"Perirhinal area, layer 6a",PERI6a,11,7,/997/8/567/688/695/315/922/335/
368,"Perirhinal area, layer 6b",PERI6b,11,7,/997/8/567/688/695/315/922/368/
895,"Ectorhinal area",ECT,8,6,/997/8/567/688/695/315/895/
836,"Ectorhinal area/Layer 1",ECT1,11,7,/997/8/567/688/695/315/895/836/
427,"Ectorhinal area/Layer 2/3",ECT2/3,11,7,/997/8/567/688/695/315/895/427/
988,"Ectorhinal area/Layer 5",ECT5,11,7,/997/8/567/688/695/315/895/988/
977,"Ectorhinal area/Layer 6a",ECT6a,11,7,/997/8/567/688/695/315/895/977/
1045,"Ectorhinal area/Layer 6b",ECT6b,11,7,/997/8/567/688/695/315/895/1045/
698,"Olfactory areas",OLF,5,5,/997/8/567/688/695/698/
507,"Main olfactory bulb",MOB,8,6,/997/8/567/688/695/698/507/
212,"Main olfactory bulb, glomerular layer",MOBgl,11,7,/997/8/567/688/695/698/507/212/
220,"Main olfactory bulb, granule layer",MOBgr,11,7,/997/8/567/688/695/698/507/220/
228,"Main olfactory bulb, inner plexiform layer",MOBipl,11,7,/997/8/567/688/695/698/507/228/
236,"Main olfactory bulb, mitral layer",MOBmi,11,7,/997/8/567/688/695/698/507/236/
244,"Main olfactory bulb, outer plexiform layer",MOBopl,11,7,/997/8/567/688/695/698/507/244/
151,"Accessory olfactory bulb",AOB,8,6,/997/8/567/688/695/698/151/
188,"Accessory olfactory bulb, glomerular layer",AOBgl,11,7,/997/8/567/688/695/698/151/188/
196,"Accessory olfactory bulb, granular layer",AOBgr,11,7,/997/8/567/688/695/698/151/196/
204,"Accessory olfactory bulb, mitral layer",AOBmi,11,7,/997/8/567/688/695/698/151/204/
159,"Anterior olfactory nucleus",AON,8,6,/997/8/567/688/695/698/159/
167,"Anterior olfactory nucleus, dorsal part",AONd,9,7,/997/8/567/688/695/698/159/167/
175,"Anterior olfactory nucleus, external part",AONe,9,7,/997/8/567/688/695/698/159/175/
183,"Anterior olfactory nucleus, lateral part",AONl,9,7,/997/8/567/688/695/698/159/183/
191,"Anterior olfactory nucleus, medial part",AONm,9,7,/997/8/567/688/695/698/159/191/
199,"Anterior olfactory nucleus, posteroventral part",AONpv,9,7,/997/8/567/688/695/698/159/199/
160,"Anterior olfactory nucleus, layer 1",AON1,11,7,/997/8/567/688/695/698/159/160/
168,"Anterior olfactory nucleus, layer 2",AON2,11,7,/997/8/567/688/695/698/159/168/
589,"Taenia tecta",TT,8,6,/997/8/567/688/695/698/589/
597,"Taenia tecta, dorsal part",TTd,9,7,/997/8/567/688/695/698/589/597/
297,"Taenia tecta, dorsal part, layers 1-4",TTd1-4,11,8,/997/8/567/688/695/698/589/597/297/
1034,"Taenia tecta, dorsal part, layer 1",TTd1,11,8,/997/8/567/688/695/698/589/597/1034/
1042,"Taenia tecta, dorsal part, layer 2",TTd2,11,8,/997/8/567/688/695/698/589/597/1042/
1050,"Taenia tecta, dorsal part, layer 3",TTd3,11,8,/997/8/567/688/695/698/589/597/1050/
1059,"Taenia tecta, dorsal part, layer 4",TTd4,11,8,/997/8/567/688/695/698/589/597/1059/
605,"Taenia tecta, ventral part",TTv,9,7,/997/8/567/688/695/698/589/605/
306,"Taenia tecta, ventral part, layers 1-3",TTv1-3,11,8,/997/8/567/688/695/698/589/605/306/
1067,"Taenia tecta, ventral part, layer 1",TTv1,11,8,/997/8/567/688/695/698/589/605/1067/
1075,"Taenia tecta, ventral part, layer 2",TTv2,11,8,/997/8/567/688/695/698/589/605/1075/
1082,"Taenia tecta, ventral part, layer 3",TTv3,11,8,/997/8/567/688/695/698/589/605/1082/
814,"Dorsal peduncular area",DP,8,6,/997/8/567/688/695/698/814/
496,"Dorsal peduncular area, layer 1",DP1,11,7,/997/8/567/688/695/698/814/496/
535,"Dorsal peduncular area, layer 2",DP2,11,7,/997/8/567/688/695/698/814/535/
360,"Dorsal peduncular area, layer 2/3",DP2/3,11,7,/997/8/567/688/695/698/814/360/
646,"Dorsal peduncular area, layer 5",DP5,11,7,/997/8/567/688/695/698/814/646/
267,"Dorsal peduncular area, layer 6a",DP6a,11,7,/997/8/567/688/695/698/814/267/
961,"Piriform area",PIR,8,6,/997/8/567/688/695/698/961/
152,"Piriform area, layers 1-3",PIR1-3,11,7,/997/8/567/688/695/698/961/152/
276,"Piriform area, molecular layer",PIR1,11,7,/997/8/567/688/695/698/961/276/
284,"Piriform area, pyramidal layer",PIR2,11,7,/997/8/567/688/695/698/961/284/
291,"Piriform area, polymorph layer",PIR3,11,7,/997/8/567/688/695/698/961/291/
619,"Nucleus of the lateral olfactory tract",NLOT,8,6,/997/8/567/688/695/698/619/
392,"Nucleus of the lateral olfactory tract, layers 1-3",NLOT1-3,11,7,/997/8/567/688/695/698/619/392/
260,"Nucleus of the lateral olfactory tract, molecular layer",NLOT1,11,7,/997/8/567/688/695/698/619/260/
268,"Nucleus of the lateral olfactory tract, pyramidal layer",NLOT2,11,7,/997/8/567/688/695/698/619/268/
1139,"Nucleus of the lateral olfactory tract, layer 3",NLOT3,11,7,/997/8/567/688/695/698/619/1139/
631,"Cortical amygdalar area",COA,8,6,/997/8/567/688/695/698/631/
639,"Cortical amygdalar area, anterior part",COAa,9,7,/997/8/567/688/695/698/631/639/
192,"Cortical amygdalar area, anterior part, layer 1",COAa1,11,8,/997/8/567/688/695/698/631/639/192/
200,"Cortical amygdalar area, anterior part, layer 2",COAa2,11,8,/997/8/567/688/695/698/631/639/200/
208,"Cortical amygdalar area, anterior part, layer 3",COAa3,11,8,/997/8/567/688/695/698/631/639/208/
647,"Cortical amygdalar area, posterior part",COAp,9,7,/997/8/567/688/695/698/631/647/
655,"Cortical amygdalar area, posterior part, lateral zone",COApl,10,8,/997/8/567/688/695/698/631/647/655/
584,"Cortical amygdalar area, posterior part, lateral zone, layers 1-2",COApl1-2,11,9,/997/8/567/688/695/698/631/647/655/584/
376,"Cortical amygdalar area, posterior part, lateral zone, layers 1-3",COApl1-3,11,9,/997/8/567/688/695/698/631/647/655/376/
216,"Cortical amygdalar area, posterior part, lateral zone, layer 1",COApl1,11,9,/997/8/567/688/695/698/631/647/655/216/
224,"Cortical amygdalar area, posterior part, lateral zone, layer 2",COApl2,11,9,/997/8/567/688/695/698/631/647/655/224/
232,"Cortical amygdalar area, posterior part, lateral zone, layer 3",COApl3,11,9,/997/8/567/688/695/698/631/647/655/232/
663,"Cortical amygdalar area, posterior part, medial zone",COApm,10,8,/997/8/567/688/695/698/631/647/663/
592,"Cortical amygdalar area, posterior part, medial zone, layers 1-2",COApm1-2,11,9,/997/8/567/688/695/698/631/647/663/592/
383,"Cortical amygdalar area, posterior part, medial zone, layers 1-3",COApm1-3,11,9,/997/8/567/688/695/698/631/647/663/383/
240,"Cortical amygdalar area, posterior part, medial zone, layer 1",COApm1,11,9,/997/8/567/688/695/698/631/647/663/240/
248,"Cortical amygdalar area, posterior part, medial zone, layer 2",COApm2,11,9,/997/8/567/688/695/698/631/647/663/248/
256,"Cortical amygdalar area, posterior part, medial zone, layer 3",COApm3,11,9,/997/8/567/688/695/698/631/647/663/256/
788,"Piriform-amygdalar area",PAA,8,6,/997/8/567/688/695/698/788/
400,"Piriform-amygdalar area, layers 1-3",PAA1-3,11,7,/997/8/567/688/695/698/788/400/
408,"Piriform-amygdalar area, molecular layer",PAA1,11,7,/997/8/567/688/695/698/788/408/
416,"Piriform-amygdalar area, pyramidal layer",PAA2,11,7,/997/8/567/688/695/698/788/416/
424,"Piriform-amygdalar area, polymorph layer",PAA3,11,7,/997/8/567/688/695/698/788/424/
566,"Postpiriform transition area",TR,8,6,/997/8/567/688/695/698/566/
517,"Postpiriform transition area, layers 1-3",TR1-3,11,7,/997/8/567/688/695/698/566/517/
1140,"Postpiriform transition area, layers 1",TR1,11,7,/997/8/567/688/695/698/566/1140/
1141,"Postpiriform transition area, layers 2",TR2,11,7,/997/8/567/688/695/698/566/1141/
1142,"Postpiriform transition area, layers 3",TR3,11,7,/997/8/567/688/695/698/566/1142/
1089,"Hippocampal formation",HPF,5,5,/997/8/567/688/695/1089/
1080,"Hippocampal region",HIP,6,6,/997/8/567/688/695/1089/1080/
375,"Ammon's horn",CA,8,7,/997/8/567/688/695/1089/1080/375/
382,"Field CA1",CA1,9,8,/997/8/567/688/695/1089/1080/375/382/
391,"Field CA1, stratum lacunosum-moleculare",CA1slm,11,9,/997/8/567/688/695/1089/1080/375/382/391/
399,"Field CA1, stratum oriens",CA1so,11,9,/997/8/567/688/695/1089/1080/375/382/399/
407,"Field CA1, pyramidal layer",CA1sp,11,9,/997/8/567/688/695/1089/1080/375/382/407/
415,"Field CA1, stratum radiatum",CA1sr,11,9,/997/8/567/688/695/1089/1080/375/382/415/
423,"Field CA2",CA2,9,8,/997/8/567/688/695/1089/1080/375/423/
431,"Field CA2, stratum lacunosum-moleculare",CA2slm,11,9,/997/8/567/688/695/1089/1080/375/423/431/
438,"Field CA2, stratum oriens",CA2so,11,9,/997/8/567/688/695/1089/1080/375/423/438/
446,"Field CA2, pyramidal layer",CA2sp,11,9,/997/8/567/688/695/1089/1080/375/423/446/
454,"Field CA2, stratum radiatum",CA2sr,11,9,/997/8/567/688/695/1089/1080/375/423/454/
463,"Field CA3",CA3,9,8,/997/8/567/688/695/1089/1080/375/463/
471,"Field CA3, stratum lacunosum-moleculare",CA3slm,11,9,/997/8/567/688/695/1089/1080/375/463/471/
479,"Field CA3, stratum lucidum",CA3slu,11,9,/997/8/567/688/695/1089/1080/375/463/479/
486,"Field CA3, stratum oriens",CA3so,11,9,/997/8/567/688/695/1089/1080/375/463/486/
495,"Field CA3, pyramidal layer",CA3sp,11,9,/997/8/567/688/695/1089/1080/375/463/495/
504,"Field CA3, stratum radiatum",CA3sr,11,9,/997/8/567/688/695/1089/1080/375/463/504/
726,"Dentate gyrus",DG,8,7,/997/8/567/688/695/1089/1080/726/
10703,"Dentate gyrus, molecular layer",DG-mo,11,8,/997/8/567/688/695/1089/1080/726/10703/
10704,"Dentate gyrus, polymorph layer",DG-po,11,8,/997/8/567/688/695/1089/1080/726/10704/
632,"Dentate gyrus, granule cell layer",DG-sg,11,8,/997/8/567/688/695/1089/1080/726/632/
10702,"Dentate gyrus, subgranular zone",DG-sgz,11,8,/997/8/567/688/695/1089/1080/726/10702/
734,"Dentate gyrus crest",DGcr,9,8,/997/8/567/688/695/1089/1080/726/734/
742,"Dentate gyrus crest, molecular layer",DGcr-mo,11,9,/997/8/567/688/695/1089/1080/726/734/742/
751,"Dentate gyrus crest, polymorph layer",DGcr-po,11,9,/997/8/567/688/695/1089/1080/726/734/751/
758,"Dentate gyrus crest, granule cell layer",DGcr-sg,11,9,/997/8/567/688/695/1089/1080/726/734/758/
766,"Dentate gyrus lateral blade",DGlb,9,8,/997/8/567/688/695/1089/1080/726/766/
775,"Dentate gyrus lateral blade, molecular layer",DGlb-mo,11,9,/997/8/567/688/695/1089/1080/726/766/775/
782,"Dentate gyrus lateral blade, polymorph layer",DGlb-po,11,9,/997/8/567/688/695/1089/1080/726/766/782/
790,"Dentate gyrus lateral blade, granule cell layer",DGlb-sg,11,9,/997/8/567/688/695/1089/1080/726/766/790/
799,"Dentate gyrus medial blade",DGmb,9,8,/997/8/567/688/695/1089/1080/726/799/
807,"Dentate gyrus medial blade, molecular layer",DGmb-mo,11,9,/997/8/567/688/695/1089/1080/726/799/807/
815,"Dentate gyrus medial blade, polymorph layer",DGmb-po,11,9,/997/8/567/688/695/1089/1080/726/799/815/
823,"Dentate gyrus medial blade, granule cell layer",DGmb-sg,11,9,/997/8/567/688/695/1089/1080/726/799/823/
982,"Fasciola cinerea",FC,8,7,/997/8/567/688/695/1089/1080/982/
19,"Induseum griseum",IG,8,7,/997/8/567/688/695/1089/1080/19/
822,"Retrohippocampal region",RHP,6,6,/997/8/567/688/695/1089/822/
909,"Entorhinal area",ENT,8,7,/997/8/567/688/695/1089/822/909/
918,"Entorhinal area, lateral part",ENTl,9,8,/997/8/567/688/695/1089/822/909/918/
1121,"Entorhinal area, lateral part, layer 1",ENTl1,11,9,/997/8/567/688/695/1089/822/909/918/1121/
20,"Entorhinal area, lateral part, layer 2",ENTl2,11,9,/997/8/567/688/695/1089/822/909/918/20/
999,"Entorhinal area, lateral part, layer 2/3",ENTl2/3,11,9,/997/8/567/688/695/1089/822/909/918/999/
715,"Entorhinal area, lateral part, layer 2a",ENTl2a,11,9,/997/8/567/688/695/1089/822/909/918/715/
764,"Entorhinal area, lateral part, layer 2b",ENTl2b,11,9,/997/8/567/688/695/1089/822/909/918/764/
52,"Entorhinal area, lateral part, layer 3",ENTl3,11,9,/997/8/567/688/695/1089/822/909/918/52/
92,"Entorhinal area, lateral part, layer 4",ENTl4,11,9,/997/8/567/688/695/1089/822/909/918/92/
312,"Entorhinal area, lateral part, layer 4/5",ENTl4/5,11,9,/997/8/567/688/695/1089/822/909/918/312/
139,"Entorhinal area, lateral part, layer 5",ENTl5,11,9,/997/8/567/688/695/1089/822/909/918/139/
387,"Entorhinal area, lateral part, layer 5/6",ENTl5/6,11,9,/997/8/567/688/695/1089/822/909/918/387/
28,"Entorhinal area, lateral part, layer 6a",ENTl6a,11,9,/997/8/567/688/695/1089/822/909/918/28/
60,"Entorhinal area, lateral part, layer 6b",ENTl6b,11,9,/997/8/567/688/695/1089/822/909/918/60/
926,"Entorhinal area, medial part, dorsal zone",ENTm,9,8,/997/8/567/688/695/1089/822/909/926/
526,"Entorhinal area, medial part, dorsal zone, layer 1",ENTm1,11,9,/997/8/567/688/695/1089/822/909/926/526/
543,"Entorhinal area, medial part, dorsal zone, layer 2",ENTm2,11,9,/997/8/567/688/695/1089/822/909/926/543/
468,"Entorhinal area, medial part, dorsal zone, layer 2a",ENTm2a,11,9,/997/8/567/688/695/1089/822/909/926/468/
508,"Entorhinal area, medial part, dorsal zone, layer 2b",ENTm2b,11,9,/997/8/567/688/695/1089/822/909/926/508/
664,"Entorhinal area, medial part, dorsal zone, layer 3",ENTm3,11,9,/997/8/567/688/695/1089/822/909/926/664/
712,"Entorhinal area, medial part, dorsal zone, layer 4",ENTm4,11,9,/997/8/567/688/695/1089/822/909/926/712/
727,"Entorhinal area, medial part, dorsal zone, layer 5",ENTm5,11,9,/997/8/567/688/695/1089/822/909/926/727/
550,"Entorhinal area, medial part, dorsal zone, layer 5/6",ENTm5/6,11,9,/997/8/567/688/695/1089/822/909/926/550/
743,"Entorhinal area, medial part, dorsal zone, layer 6",ENTm6,11,9,/997/8/567/688/695/1089/822/909/926/743/
934,"Entorhinal area, medial part, ventral zone",ENTmv,9,8,/997/8/567/688/695/1089/822/909/934/
259,"Entorhinal area, medial part, ventral zone, layer 1",ENTmv1,11,9,/997/8/567/688/695/1089/822/909/934/259/
324,"Entorhinal area, medial part, ventral zone, layer 2",ENTmv2,11,9,/997/8/567/688/695/1089/822/909/934/324/
371,"Entorhinal area, medial part, ventral zone, layer 3",ENTmv3,11,9,/997/8/567/688/695/1089/822/909/934/371/
419,"Entorhinal area, medial part, ventral zone, layer 4",ENTmv4,11,9,/997/8/567/688/695/1089/822/909/934/419/
1133,"Entorhinal area, medial part, ventral zone, layer 5/6",ENTmv5/6,11,9,/997/8/567/688/695/1089/822/909/934/1133/
843,"Parasubiculum",PAR,8,7,/997/8/567/688/695/1089/822/843/
10693,"Parasubiculum, layer 1",PAR1,11,8,/997/8/567/688/695/1089/822/843/10693/
10694,"Parasubiculum, layer 2",PAR2,11,8,/997/8/567/688/695/1089/822/843/10694/
10695,"Parasubiculum, layer 3",PAR3,11,8,/997/8/567/688/695/1089/822/843/10695/
1037,"Postsubiculum",POST,8,7,/997/8/567/688/695/1089/822/1037/
10696,"Postsubiculum, layer 1",POST1,11,8,/997/8/567/688/695/1089/822/1037/10696/
10697,"Postsubiculum, layer 2",POST2,11,8,/997/8/567/688/695/1089/822/1037/10697/
10698,"Postsubiculum, layer 3",POST3,11,8,/997/8/567/688/695/1089/822/1037/10698/
1084,"Presubiculum",PRE,8,7,/997/8/567/688/695/1089/822/1084/
10699,"Presubiculum, layer 1",PRE1,11,8,/997/8/567/688/695/1089/822/1084/10699/
10700,"Presubiculum, layer 2",PRE2,11,8,/997/8/567/688/695/1089/822/1084/10700/
10701,"Presubiculum, layer 3",PRE3,11,8,/997/8/567/688/695/1089/822/1084/10701/
502,"Subiculum",SUB,8,7,/997/8/567/688/695/1089/822/502/
509,"Subiculum, dorsal part",SUBd,9,8,/997/8/567/688/695/1089/822/502/509/
829,"Subiculum, dorsal part, molecular layer",SUBd-m,11,9,/997/8/567/688/695/1089/822/502/509/829/
845,"Subiculum, dorsal part, pyramidal layer",SUBd-sp,11,9,/997/8/567/688/695/1089/822/502/509/845/
837,"Subiculum, dorsal part, stratum radiatum",SUBd-sr,11,9,/997/8/567/688/695/1089/822/502/509/837/
518,"Subiculum, ventral part",SUBv,9,8,/997/8/567/688/695/1089/822/502/518/
853,"Subiculum, ventral part, molecular layer",SUBv-m,11,9,/997/8/567/688/695/1089/822/502/518/853/
870,"Subiculum, ventral part, pyramidal layer",SUBv-sp,11,9,/997/8/567/688/695/1089/822/502/518/870/
861,"Subiculum, ventral part, stratum radiatum",SUBv-sr,11,9,/997/8/567/688/695/1089/822/502/518/861/
484682470,"Prosubiculum",ProS,8,7,/997/8/567/688/695/1089/822/484682470/
484682475,"Prosubiculum, dorsal part",ProSd,9,8,/997/8/567/688/695/1089/822/484682470/484682475/
484682479,"Prosubiculum, dorsal part, molecular layer",ProSd-m,11,9,/997/8/567/688/695/1089/822/484682470/484682475/484682479/
484682483,"Prosubiculum, dorsal part, pyramidal layer",ProSd-sp,11,9,/997/8/567/688/695/1089/822/484682470/484682475/484682483/
484682487,"Prosubiculum, dorsal part, stratum radiatum",ProSd-sr,11,9,/997/8/567/688/695/1089/822/484682470/484682475/484682487/
484682492,"Prosubiculum, ventral part",ProSv,9,8,/997/8/567/688/695/1089/822/484682470/484682492/
484682496,"Prosubiculum, ventral part, molecular layer",ProSv-m,11,9,/997/8/567/688/695/1089/822/484682470/484682492/484682496/
484682500,"Prosubiculum, ventral part, pyramidal layer",ProSv-sp,11,9,/997/8/567/688/695/1089/822/484682470/484682492/484682500/
484682504,"Prosubiculum, ventral part, stratum radiatum",Prosv-sr,11,9,/997/8/567/688/695/1089/822/484682470/484682492/484682504/
589508447,"Hippocampo-amygdalar transition area",HATA,8,7,/997/8/567/688/695/1089/822/589508447/
484682508,"Area prostriata",APr,8,7,/997/8/567/688/695/1089/822/484682508/
703,"Cortical subplate",CTXsp,5,4,/997/8/567/688/703/
16,"Layer 6b, isocortex",6b,11,5,/997/8/567/688/703/16/
583,"Claustrum",CLA,8,5,/997/8/567/688/703/583/
942,"Endopiriform nucleus",EP,8,5,/997/8/567/688/703/942/
952,"Endopiriform nucleus, dorsal part",EPd,9,6,/997/8/567/688/703/942/952/
966,"Endopiriform nucleus, ventral part",EPv,9,6,/997/8/567/688/703/942/966/
131,"Lateral amygdalar nucleus",LA,8,5,/997/8/567/688/703/131/
295,"Basolateral amygdalar nucleus",BLA,8,5,/997/8/567/688/703/295/
303,"Basolateral amygdalar nucleus, anterior part",BLAa,9,6,/997/8/567/688/703/295/303/
311,"Basolateral amygdalar nucleus, posterior part",BLAp,9,6,/997/8/567/688/703/295/311/
451,"Basolateral amygdalar nucleus, ventral part",BLAv,9,6,/997/8/567/688/703/295/451/
319,"Basomedial amygdalar nucleus",BMA,8,5,/997/8/567/688/703/319/
327,"Basomedial amygdalar nucleus, anterior part",BMAa,9,6,/997/8/567/688/703/319/327/
334,"Basomedial amygdalar nucleus, posterior part",BMAp,9,6,/997/8/567/688/703/319/334/
780,"Posterior amygdalar nucleus",PA,8,5,/997/8/567/688/703/780/
623,"Cerebral nuclei",CNU,3,3,/997/8/567/623/
477,"Striatum",STR,5,4,/997/8/567/623/477/
485,"Striatum dorsal region",STRd,6,5,/997/8/567/623/477/485/
672,"Caudoputamen",CP,8,6,/997/8/567/623/477/485/672/
493,"Striatum ventral region",STRv,6,5,/997/8/567/623/477/493/
56,"Nucleus accumbens",ACB,8,6,/997/8/567/623/477/493/56/
998,"Fundus of striatum",FS,8,6,/997/8/567/623/477/493/998/
754,"Olfactory tubercle",OT,8,6,/997/8/567/623/477/493/754/
481,"Islands of Calleja",isl,9,7,/997/8/567/623/477/493/754/481/
489,"Major island of Calleja",islm,9,7,/997/8/567/623/477/493/754/489/
144,"Olfactory tubercle, layers 1-3",OT1-3,11,7,/997/8/567/623/477/493/754/144/
458,"Olfactory tubercle, molecular layer",OT1,11,7,/997/8/567/623/477/493/754/458/
465,"Olfactory tubercle, pyramidal layer",OT2,11,7,/997/8/567/623/477/493/754/465/
473,"Olfactory tubercle, polymorph layer",OT3,11,7,/997/8/567/623/477/493/754/473/
549009199,"Lateral strip of striatum",LSS,8,6,/997/8/567/623/477/493/549009199/
275,"Lateral septal complex",LSX,6,5,/997/8/567/623/477/275/
242,"Lateral septal nucleus",LS,8,6,/997/8/567/623/477/275/242/
250,"Lateral septal nucleus, caudal (caudodorsal) part",LSc,9,7,/997/8/567/623/477/275/242/250/
258,"Lateral septal nucleus, rostral (rostroventral) part",LSr,9,7,/997/8/567/623/477/275/242/258/
266,"Lateral septal nucleus, ventral part",LSv,9,7,/997/8/567/623/477/275/242/266/
310,"Septofimbrial nucleus",SF,8,6,/997/8/567/623/477/275/310/
333,"Septohippocampal nucleus",SH,8,6,/997/8/567/623/477/275/333/
278,"Striatum-like amygdalar nuclei",sAMY,6,5,/997/8/567/623/477/278/
23,"Anterior amygdalar area",AAA,8,6,/997/8/567/623/477/278/23/
292,"Bed nucleus of the accessory olfactory tract",BA,8,6,/997/8/567/623/477/278/292/
536,"Central amygdalar nucleus",CEA,8,6,/997/8/567/623/477/278/536/
544,"Central amygdalar nucleus, capsular part",CEAc,9,7,/997/8/567/623/477/278/536/544/
551,"Central amygdalar nucleus, lateral part",CEAl,9,7,/997/8/567/623/477/278/536/551/
559,"Central amygdalar nucleus, medial part",CEAm,9,7,/997/8/567/623/477/278/536/559/
1105,"Intercalated amygdalar nucleus",IA,8,6,/997/8/567/623/477/278/1105/
403,"Medial amygdalar nucleus",MEA,8,6,/997/8/567/623/477/278/403/
411,"Medial amygdalar nucleus, anterodorsal part",MEAad,9,7,/997/8/567/623/477/278/403/411/
418,"Medial amygdalar nucleus, anteroventral part",MEAav,9,7,/997/8/567/623/477/278/403/418/
426,"Medial amygdalar nucleus, posterodorsal part",MEApd,9,7,/997/8/567/623/477/278/403/426/
472,"Medial amygdalar nucleus, posterodorsal part, sublayer a",MEApd-a,11,8,/997/8/567/623/477/278/403/426/472/
480,"Medial amygdalar nucleus, posterodorsal part, sublayer b",MEApd-b,11,8,/997/8/567/623/477/278/403/426/480/
487,"Medial amygdalar nucleus, posterodorsal part, sublayer c",MEApd-c,11,8,/997/8/567/623/477/278/403/426/487/
435,"Medial amygdalar nucleus, posteroventral part",MEApv,9,7,/997/8/567/623/477/278/403/435/
803,"Pallidum",PAL,5,4,/997/8/567/623/803/
818,"Pallidum, dorsal region",PALd,6,5,/997/8/567/623/803/818/
1022,"Globus pallidus, external segment",GPe,8,6,/997/8/567/623/803/818/1022/
1031,"Globus pallidus, internal segment",GPi,8,6,/997/8/567/623/803/818/1031/
835,"Pallidum, ventral region",PALv,6,5,/997/8/567/623/803/835/
342,"Substantia innominata",SI,8,6,/997/8/567/623/803/835/342/
298,"Magnocellular nucleus",MA,8,6,/997/8/567/623/803/835/298/
826,"Pallidum, medial region",PALm,6,5,/997/8/567/623/803/826/
904,"Medial septal complex",MSC,8,6,/997/8/567/623/803/826/904/
564,"Medial septal nucleus",MS,9,7,/997/8/567/623/803/826/904/564/
596,"Diagonal band nucleus",NDB,9,7,/997/8/567/623/803/826/904/596/
581,"Triangular nucleus of septum",TRS,8,6,/997/8/567/623/803/826/581/
809,"Pallidum, caudal region",PALc,6,5,/997/8/567/623/803/809/
351,"Bed nuclei of the stria terminalis",BST,8,6,/997/8/567/623/803/809/351/
359,"Bed nuclei of the stria terminalis, anterior division",BSTa,9,7,/997/8/567/623/803/809/351/359/
537,"Bed nuclei of the stria terminalis, anterior division, anterolateral area",BSTal,10,8,/997/8/567/623/803/809/351/359/537/
498,"Bed nuclei of the stria terminalis, anterior division, anteromedial area",BSTam,10,8,/997/8/567/623/803/809/351/359/498/
505,"Bed nuclei of the stria terminalis, anterior division, dorsomedial nucleus",BSTdm,10,8,/997/8/567/623/803/809/351/359/505/
513,"Bed nuclei of the stria terminalis, anterior division, fusiform nucleus",BSTfu,10,8,/997/8/567/623/803/809/351/359/513/
546,"Bed nuclei of the stria terminalis, anterior division, juxtacapsular nucleus",BSTju,10,8,/997/8/567/623/803/809/351/359/546/
521,"Bed nuclei of the stria terminalis, anterior division, magnocellular nucleus",BSTmg,10,8,/997/8/567/623/803/809/351/359/521/
554,"Bed nuclei of the stria terminalis, anterior division, oval nucleus",BSTov,10,8,/997/8/567/623/803/809/351/359/554/
562,"Bed nuclei of the stria terminalis, anterior division, rhomboid nucleus",BSTrh,10,8,/997/8/567/623/803/809/351/359/562/
529,"Bed nuclei of the stria terminalis, anterior division, ventral nucleus",BSTv,10,8,/997/8/567/623/803/809/351/359/529/
367,"Bed nuclei of the stria terminalis, posterior division",BSTp,9,7,/997/8/567/623/803/809/351/367/
569,"Bed nuclei of the stria terminalis, posterior division, dorsal nucleus",BSTd,10,8,/997/8/567/623/803/809/351/367/569/
578,"Bed nuclei of the stria terminalis, posterior division, principal nucleus",BSTpr,10,8,/997/8/567/623/803/809/351/367/578/
585,"Bed nuclei of the stria terminalis, posterior division, interfascicular nucleus",BSTif,10,8,/997/8/567/623/803/809/351/367/585/
594,"Bed nuclei of the stria terminalis, posterior division, transverse nucleus",BSTtr,10,8,/997/8/567/623/803/809/351/367/594/
602,"Bed nuclei of the stria terminalis, posterior division, strial extension",BSTse,10,8,/997/8/567/623/803/809/351/367/602/
287,"Bed nucleus of the anterior commissure",BAC,8,6,/997/8/567/623/803/809/287/
343,"Brain stem",BS,2,2,/997/8/343/
1129,"Interbrain",IB,3,3,/997/8/343/1129/
549,"Thalamus",TH,5,4,/997/8/343/1129/549/
864,"Thalamus, sensory-motor cortex related",DORsm,6,5,/997/8/343/1129/549/864/
637,"Ventral group of the dorsal thalamus",VENT,7,6,/997/8/343/1129/549/864/637/
629,"Ventral anterior-lateral complex of the thalamus",VAL,8,7,/997/8/343/1129/549/864/637/629/
685,"Ventral medial nucleus of the thalamus",VM,8,7,/997/8/343/1129/549/864/637/685/
709,"Ventral posterior complex of the thalamus",VP,8,7,/997/8/343/1129/549/864/637/709/
718,"Ventral posterolateral nucleus of the thalamus",VPL,9,8,/997/8/343/1129/549/864/637/709/718/
725,"Ventral posterolateral nucleus of the thalamus, parvicellular part",VPLpc,9,8,/997/8/343/1129/549/864/637/709/725/
733,"Ventral posteromedial nucleus of the thalamus",VPM,9,8,/997/8/343/1129/549/864/637/709/733/
741,"Ventral posteromedial nucleus of the thalamus, parvicellular part",VPMpc,9,8,/997/8/343/1129/549/864/637/709/741/
563807435,"Posterior triangular thalamic nucleus",PoT,8,7,/997/8/343/1129/549/864/637/563807435/
406,"Subparafascicular nucleus",SPF,8,6,/997/8/343/1129/549/864/406/
414,"Subparafascicular nucleus, magnocellular part",SPFm,9,7,/997/8/343/1129/549/864/406/414/
422,"Subparafascicular nucleus, parvicellular part",SPFp,9,7,/997/8/343/1129/549/864/406/422/
609,"Subparafascicular area",SPA,8,6,/997/8/343/1129/549/864/609/
1044,"Peripeduncular nucleus",PP,8,6,/997/8/343/1129/549/864/1044/
1008,"Geniculate group, dorsal thalamus",GENd,7,6,/997/8/343/1129/549/864/1008/
475,"Medial geniculate complex",MG,8,7,/997/8/343/1129/549/864/1008/475/
1072,"Medial geniculate complex, dorsal part",MGd,9,8,/997/8/343/1129/549/864/1008/475/1072/
1079,"Medial geniculate complex, ventral part",MGv,9,8,/997/8/343/1129/549/864/1008/475/1079/
1088,"Medial geniculate complex, medial part",MGm,9,8,/997/8/343/1129/549/864/1008/475/1088/
170,"Dorsal part of the lateral geniculate complex",LGd,8,7,/997/8/343/1129/549/864/1008/170/
496345664,"Dorsal part of the lateral geniculate complex, shell",LGd-sh,9,8,/997/8/343/1129/549/864/1008/170/496345664/
496345668,"Dorsal part of the lateral geniculate complex, core",LGd-co,9,8,/997/8/343/1129/549/864/1008/170/496345668/
496345672,"Dorsal part of the lateral geniculate complex, ipsilateral zone",LGd-ip,9,8,/997/8/343/1129/549/864/1008/170/496345672/
856,"Thalamus, polymodal association cortex related",DORpm,6,5,/997/8/343/1129/549/856/
138,"Lateral group of the dorsal thalamus",LAT,7,6,/997/8/343/1129/549/856/138/
218,"Lateral posterior nucleus of the thalamus",LP,8,7,/997/8/343/1129/549/856/138/218/
1020,"Posterior complex of the thalamus",PO,8,7,/997/8/343/1129/549/856/138/1020/
1029,"Posterior limiting nucleus of the thalamus",POL,8,7,/997/8/343/1129/549/856/138/1029/
325,"Suprageniculate nucleus",SGN,8,7,/997/8/343/1129/549/856/138/325/
560581551,"Ethmoid nucleus of the thalamus",Eth,8,7,/997/8/343/1129/549/856/138/560581551/
560581555,"Retroethmoid nucleus",REth,8,7,/997/8/343/1129/549/856/138/560581555/
239,"Anterior group of the dorsal thalamus",ATN,7,6,/997/8/343/1129/549/856/239/
255,"Anteroventral nucleus of thalamus",AV,8,7,/997/8/343/1129/549/856/239/255/
127,"Anteromedial nucleus",AM,8,7,/997/8/343/1129/549/856/239/127/
1096,"Anteromedial nucleus, dorsal part",AMd,9,8,/997/8/343/1129/549/856/239/127/1096/
1104,"Anteromedial nucleus, ventral part",AMv,9,8,/997/8/343/1129/549/856/239/127/1104/
64,"Anterodorsal nucleus",AD,8,7,/997/8/343/1129/549/856/239/64/
1120,"Interanteromedial nucleus of the thalamus",IAM,8,7,/997/8/343/1129/549/856/239/1120/
1113,"Interanterodorsal nucleus of the thalamus",IAD,8,7,/997/8/343/1129/549/856/239/1113/
155,"Lateral dorsal nucleus of thalamus",LD,8,7,/997/8/343/1129/549/856/239/155/
444,"Medial group of the dorsal thalamus",MED,7,6,/997/8/343/1129/549/856/444/
59,"Intermediodorsal nucleus of the thalamus",IMD,8,7,/997/8/343/1129/549/856/444/59/
362,"Mediodorsal nucleus of thalamus",MD,8,7,/997/8/343/1129/549/856/444/362/
617,"Mediodorsal nucleus of the thalamus, central part",MDc,9,8,/997/8/343/1129/549/856/444/362/617/
626,"Mediodorsal nucleus of the thalamus, lateral part",MDl,9,8,/997/8/343/1129/549/856/444/362/626/
636,"Mediodorsal nucleus of the thalamus, medial part",MDm,9,8,/997/8/343/1129/549/856/444/362/636/
366,"Submedial nucleus of the thalamus",SMT,8,7,/997/8/343/1129/549/856/444/366/
1077,"Perireunensis nucleus",PR,8,7,/997/8/343/1129/549/856/444/1077/
571,"Midline group of the dorsal thalamus",MTN,7,6,/997/8/343/1129/549/856/571/
149,"Paraventricular nucleus of the thalamus",PVT,8,7,/997/8/343/1129/549/856/571/149/
15,"Parataenial nucleus",PT,8,7,/997/8/343/1129/549/856/571/15/
181,"Nucleus of reuniens",RE,8,7,/997/8/343/1129/549/856/571/181/
560581559,"Xiphoid thalamic nucleus",Xi,8,7,/997/8/343/1129/549/856/571/560581559/
51,"Intralaminar nuclei of the dorsal thalamus",ILM,7,6,/997/8/343/1129/549/856/51/
189,"Rhomboid nucleus",RH,8,7,/997/8/343/1129/549/856/51/189/
599,"Central medial nucleus of the thalamus",CM,8,7,/997/8/343/1129/549/856/51/599/
907,"Paracentral nucleus",PCN,8,7,/997/8/343/1129/549/856/51/907/
575,"Central lateral nucleus of the thalamus",CL,8,7,/997/8/343/1129/549/856/51/575/
930,"Parafascicular nucleus",PF,8,7,/997/8/343/1129/549/856/51/930/
560581563,"Posterior intralaminar thalamic nucleus",PIL,8,7,/997/8/343/1129/549/856/51/560581563/
262,"Reticular nucleus of the thalamus",RT,8,6,/997/8/343/1129/549/856/262/
1014,"Geniculate group, ventral thalamus",GENv,7,6,/997/8/343/1129/549/856/1014/
27,"Intergeniculate leaflet of the lateral geniculate complex",IGL,8,7,/997/8/343/1129/549/856/1014/27/
563807439,"Intermediate geniculate nucleus",IntG,8,7,/997/8/343/1129/549/856/1014/563807439/
178,"Ventral part of the lateral geniculate complex",LGv,8,7,/997/8/343/1129/549/856/1014/178/
300,"Ventral part of the lateral geniculate complex, lateral zone",LGvl,9,8,/997/8/343/1129/549/856/1014/178/300/
316,"Ventral part of the lateral geniculate complex, medial zone",LGvm,9,8,/997/8/343/1129/549/856/1014/178/316/
321,"Subgeniculate nucleus",SubG,8,7,/997/8/343/1129/549/856/1014/321/
958,"Epithalamus",EPI,7,6,/997/8/343/1129/549/856/958/
483,"Medial habenula",MH,8,7,/997/8/343/1129/549/856/958/483/
186,"Lateral habenula",LH,8,7,/997/8/343/1129/549/856/958/186/
953,"Pineal body",PIN,8,7,/997/8/343/1129/549/856/958/953/
1097,"Hypothalamus",HY,5,4,/997/8/343/1129/1097/
157,"Periventricular zone",PVZ,6,5,/997/8/343/1129/1097/157/
390,"Supraoptic nucleus",SO,8,6,/997/8/343/1129/1097/157/390/
332,"Accessory supraoptic group",ASO,7,6,/997/8/343/1129/1097/157/332/
432,"Nucleus circularis",NC,8,7,/997/8/343/1129/1097/157/332/432/
38,"Paraventricular hypothalamic nucleus",PVH,8,6,/997/8/343/1129/1097/157/38/
71,"Paraventricular hypothalamic nucleus, magnocellular division",PVHm,9,7,/997/8/343/1129/1097/157/38/71/
47,"Paraventricular hypothalamic nucleus, magnocellular division, anterior magnocellular part",PVHam,10,8,/997/8/343/1129/1097/157/38/71/47/
79,"Paraventricular hypothalamic nucleus, magnocellular division, medial magnocellular part",PVHmm,10,8,/997/8/343/1129/1097/157/38/71/79/
103,"Paraventricular hypothalamic nucleus, magnocellular division, posterior magnocellular part",PVHpm,10,8,/997/8/343/1129/1097/157/38/71/103/
652,"Paraventricular hypothalamic nucleus, magnocellular division, posterior magnocellular part, lateral zone",PVHpml,11,9,/997/8/343/1129/1097/157/38/71/103/652/
660,"Paraventricular hypothalamic nucleus, magnocellular division, posterior magnocellular part, medial zone",PVHpmm,11,9,/997/8/343/1129/1097/157/38/71/103/660/
94,"Paraventricular hypothalamic nucleus, parvicellular division",PVHp,9,7,/997/8/343/1129/1097/157/38/94/
55,"Paraventricular hypothalamic nucleus, parvicellular division, anterior parvicellular part",PVHap,10,8,/997/8/343/1129/1097/157/38/94/55/
87,"Paraventricular hypothalamic nucleus, parvicellular division, medial parvicellular part, dorsal zone",PVHmpd,10,8,/997/8/343/1129/1097/157/38/94/87/
110,"Paraventricular hypothalamic nucleus, parvicellular division, periventricular part",PVHpv,10,8,/997/8/343/1129/1097/157/38/94/110/
30,"Periventricular hypothalamic nucleus, anterior part",PVa,9,6,/997/8/343/1129/1097/157/30/
118,"Periventricular hypothalamic nucleus, intermediate part",PVi,9,6,/997/8/343/1129/1097/157/118/
223,"Arcuate hypothalamic nucleus",ARH,8,6,/997/8/343/1129/1097/157/223/
141,"Periventricular region",PVR,6,5,/997/8/343/1129/1097/141/
72,"Anterodorsal preoptic nucleus",ADP,8,6,/997/8/343/1129/1097/141/72/
80,"Anterior hypothalamic area",AHA,8,6,/997/8/343/1129/1097/141/80/
263,"Anteroventral preoptic nucleus",AVP,8,6,/997/8/343/1129/1097/141/263/
272,"Anteroventral periventricular nucleus",AVPV,8,6,/997/8/343/1129/1097/141/272/
830,"Dorsomedial nucleus of the hypothalamus",DMH,8,6,/997/8/343/1129/1097/141/830/
668,"Dorsomedial nucleus of the hypothalamus, anterior part",DMHa,9,7,/997/8/343/1129/1097/141/830/668/
676,"Dorsomedial nucleus of the hypothalamus, posterior part",DMHp,9,7,/997/8/343/1129/1097/141/830/676/
684,"Dorsomedial nucleus of the hypothalamus, ventral part",DMHv,9,7,/997/8/343/1129/1097/141/830/684/
452,"Median preoptic nucleus",MEPO,8,6,/997/8/343/1129/1097/141/452/
523,"Medial preoptic area",MPO,8,6,/997/8/343/1129/1097/141/523/
763,"Vascular organ of the lamina terminalis",OV,8,6,/997/8/343/1129/1097/141/763/
914,"Posterodorsal preoptic nucleus",PD,8,6,/997/8/343/1129/1097/141/914/
1109,"Parastrial nucleus",PS,8,6,/997/8/343/1129/1097/141/1109/
1124,"Suprachiasmatic preoptic nucleus",PSCH,8,6,/997/8/343/1129/1097/141/1124/
126,"Periventricular hypothalamic nucleus, posterior part",PVp,8,6,/997/8/343/1129/1097/141/126/
133,"Periventricular hypothalamic nucleus, preoptic part",PVpo,8,6,/997/8/343/1129/1097/141/133/
347,"Subparaventricular zone",SBPV,8,6,/997/8/343/1129/1097/141/347/
286,"Suprachiasmatic nucleus",SCH,8,6,/997/8/343/1129/1097/141/286/
338,"Subfornical organ",SFO,8,6,/997/8/343/1129/1097/141/338/
576073699,"Ventromedial preoptic nucleus",VMPO,8,6,/997/8/343/1129/1097/141/576073699/
689,"Ventrolateral preoptic nucleus",VLPO,8,6,/997/8/343/1129/1097/141/689/
467,"Hypothalamic medial zone",MEZ,6,5,/997/8/343/1129/1097/467/
88,"Anterior hypothalamic nucleus",AHN,8,6,/997/8/343/1129/1097/467/88/
700,"Anterior hypothalamic nucleus, anterior part",AHNa,9,7,/997/8/343/1129/1097/467/88/700/
708,"Anterior hypothalamic nucleus, central part",AHNc,9,7,/997/8/343/1129/1097/467/88/708/
716,"Anterior hypothalamic nucleus, dorsal part",AHNd,9,7,/997/8/343/1129/1097/467/88/716/
724,"Anterior hypothalamic nucleus, posterior part",AHNp,9,7,/997/8/343/1129/1097/467/88/724/
331,"Mammillary body",MBO,7,6,/997/8/343/1129/1097/467/331/
210,"Lateral mammillary nucleus",LM,8,7,/997/8/343/1129/1097/467/331/210/
491,"Medial mammillary nucleus",MM,8,7,/997/8/343/1129/1097/467/331/491/
732,"Medial mammillary nucleus, median part",MMme,9,8,/997/8/343/1129/1097/467/331/491/732/
606826647,"Medial mammillary nucleus, lateral part",MMl,9,8,/997/8/343/1129/1097/467/331/491/606826647/
606826651,"Medial mammillary nucleus, medial part",MMm,9,8,/997/8/343/1129/1097/467/331/491/606826651/
606826655,"Medial mammillary nucleus, posterior part",MMp,9,8,/997/8/343/1129/1097/467/331/491/606826655/
606826659,"Medial mammillary nucleus, dorsal part",MMd,9,8,/997/8/343/1129/1097/467/331/491/606826659/
525,"Supramammillary nucleus",SUM,8,7,/997/8/343/1129/1097/467/331/525/
1110,"Supramammillary nucleus, lateral part",SUMl,9,8,/997/8/343/1129/1097/467/331/525/1110/
1118,"Supramammillary nucleus, medial part",SUMm,9,8,/997/8/343/1129/1097/467/331/525/1118/
557,"Tuberomammillary nucleus",TM,8,7,/997/8/343/1129/1097/467/331/557/
1126,"Tuberomammillary nucleus, dorsal part",TMd,9,8,/997/8/343/1129/1097/467/331/557/1126/
1,"Tuberomammillary nucleus, ventral part",TMv,9,8,/997/8/343/1129/1097/467/331/557/1/
515,"Medial preoptic nucleus",MPN,8,6,/997/8/343/1129/1097/467/515/
740,"Medial preoptic nucleus, central part",MPNc,9,7,/997/8/343/1129/1097/467/515/740/
748,"Medial preoptic nucleus, lateral part",MPNl,9,7,/997/8/343/1129/1097/467/515/748/
756,"Medial preoptic nucleus, medial part",MPNm,9,7,/997/8/343/1129/1097/467/515/756/
980,"Dorsal premammillary nucleus",PMd,8,6,/997/8/343/1129/1097/467/980/
1004,"Ventral premammillary nucleus",PMv,8,6,/997/8/343/1129/1097/467/1004/
63,"Paraventricular hypothalamic nucleus, descending division",PVHd,8,6,/997/8/343/1129/1097/467/63/
439,"Paraventricular hypothalamic nucleus, descending division, dorsal parvicellular part",PVHdp,9,7,/997/8/343/1129/1097/467/63/439/
447,"Paraventricular hypothalamic nucleus, descending division, forniceal part",PVHf,9,7,/997/8/343/1129/1097/467/63/447/
455,"Paraventricular hypothalamic nucleus, descending division, lateral parvicellular part",PVHlp,9,7,/997/8/343/1129/1097/467/63/455/
464,"Paraventricular hypothalamic nucleus, descending division, medial parvicellular part, ventral zone",PVHmpv,9,7,/997/8/343/1129/1097/467/63/464/
693,"Ventromedial hypothalamic nucleus",VMH,8,6,/997/8/343/1129/1097/467/693/
761,"Ventromedial hypothalamic nucleus, anterior part",VMHa,9,7,/997/8/343/1129/1097/467/693/761/
769,"Ventromedial hypothalamic nucleus, central part",VMHc,9,7,/997/8/343/1129/1097/467/693/769/
777,"Ventromedial hypothalamic nucleus, dorsomedial part",VMHdm,9,7,/997/8/343/1129/1097/467/693/777/
785,"Ventromedial hypothalamic nucleus, ventrolateral part",VMHvl,9,7,/997/8/343/1129/1097/467/693/785/
946,"Posterior hypothalamic nucleus",PH,8,6,/997/8/343/1129/1097/467/946/
290,"Hypothalamic lateral zone",LZ,6,5,/997/8/343/1129/1097/290/
194,"Lateral hypothalamic area",LHA,8,6,/997/8/343/1129/1097/290/194/
226,"Lateral preoptic area",LPO,8,6,/997/8/343/1129/1097/290/226/
356,"Preparasubthalamic nucleus",PST,8,6,/997/8/343/1129/1097/290/356/
364,"Parasubthalamic nucleus",PSTN,8,6,/997/8/343/1129/1097/290/364/
576073704,"Perifornical nucleus",PeF,8,6,/997/8/343/1129/1097/290/576073704/
173,"Retrochiasmatic area",RCH,8,6,/997/8/343/1129/1097/290/173/
470,"Subthalamic nucleus",STN,8,6,/997/8/343/1129/1097/290/470/
614,"Tuberal nucleus",TU,8,6,/997/8/343/1129/1097/290/614/
797,"Zona incerta",ZI,8,6,/997/8/343/1129/1097/290/797/
796,"Dopaminergic A13 group",A13,9,7,/997/8/343/1129/1097/290/797/796/
804,"Fields of Forel",FF,9,7,/997/8/343/1129/1097/290/797/804/
10671,"Median eminence",ME,8,5,/997/8/343/1129/1097/10671/
313,"Midbrain",MB,5,3,/997/8/343/313/
339,"Midbrain, sensory related",MBsen,6,4,/997/8/343/313/339/
302,"Superior colliculus, sensory related",SCs,8,5,/997/8/343/313/339/302/
851,"Superior colliculus, optic layer",SCop,9,6,/997/8/343/313/339/302/851/
842,"Superior colliculus, superficial gray layer",SCsg,9,6,/997/8/343/313/339/302/842/
834,"Superior colliculus, zonal layer",SCzo,9,6,/997/8/343/313/339/302/834/
4,"Inferior colliculus",IC,8,5,/997/8/343/313/339/4/
811,"Inferior colliculus, central nucleus",ICc,9,6,/997/8/343/313/339/4/811/
820,"Inferior colliculus, dorsal nucleus",ICd,9,6,/997/8/343/313/339/4/820/
828,"Inferior colliculus, external nucleus",ICe,9,6,/997/8/343/313/339/4/828/
580,"Nucleus of the brachium of the inferior colliculus",NB,8,5,/997/8/343/313/339/580/
271,"Nucleus sagulum",SAG,8,5,/997/8/343/313/339/271/
874,"Parabigeminal nucleus",PBG,8,5,/997/8/343/313/339/874/
460,"Midbrain trigeminal nucleus",MEV,8,5,/997/8/343/313/339/460/
599626923,"Subcommissural organ",SCO,8,5,/997/8/343/313/339/599626923/
323,"Midbrain, motor related",MBmot,6,4,/997/8/343/313/323/
381,"Substantia nigra, reticular part",SNr,8,5,/997/8/343/313/323/381/
749,"Ventral tegmental area",VTA,8,5,/997/8/343/313/323/749/
607344830,"Paranigral nucleus",PN,8,5,/997/8/343/313/323/607344830/
246,"Midbrain reticular nucleus, retrorubral area",RR,8,5,/997/8/343/313/323/246/
128,"Midbrain reticular nucleus",MRN,8,5,/997/8/343/313/323/128/
539,"Midbrain reticular nucleus, magnocellular part",MRNm,9,6,/997/8/343/313/323/128/539/
548,"Midbrain reticular nucleus, magnocellular part, general",MRNmg,9,6,/997/8/343/313/323/128/548/
555,"Midbrain reticular nucleus, parvicellular part",MRNp,9,6,/997/8/343/313/323/128/555/
294,"Superior colliculus, motor related",SCm,8,5,/997/8/343/313/323/294/
26,"Superior colliculus, motor related, deep gray layer",SCdg,9,6,/997/8/343/313/323/294/26/
42,"Superior colliculus, motor related, deep white layer",SCdw,9,6,/997/8/343/313/323/294/42/
17,"Superior colliculus, motor related, intermediate white layer",SCiw,9,6,/997/8/343/313/323/294/17/
10,"Superior colliculus, motor related, intermediate gray layer",SCig,9,6,/997/8/343/313/323/294/10/
494,"Superior colliculus, motor related, intermediate gray layer, sublayer a",SCig-a,10,7,/997/8/343/313/323/294/10/494/
503,"Superior colliculus, motor related, intermediate gray layer, sublayer b",SCig-b,10,7,/997/8/343/313/323/294/10/503/
511,"Superior colliculus, motor related, intermediate gray layer, sublayer c",SCig-c,10,7,/997/8/343/313/323/294/10/511/
795,"Periaqueductal gray",PAG,8,5,/997/8/343/313/323/795/
50,"Precommissural nucleus",PRC,9,6,/997/8/343/313/323/795/50/
67,"Interstitial nucleus of Cajal",INC,9,6,/997/8/343/313/323/795/67/
587,"Nucleus of Darkschewitsch",ND,9,6,/997/8/343/313/323/795/587/
614454277,"Supraoculomotor periaqueductal gray",Su3,9,6,/997/8/343/313/323/795/614454277/
1100,"Pretectal region",PRT,8,5,/997/8/343/313/323/1100/
215,"Anterior pretectal nucleus",APN,9,6,/997/8/343/313/323/1100/215/
531,"Medial pretectal area",MPT,9,6,/997/8/343/313/323/1100/531/
628,"Nucleus of the optic tract",NOT,9,6,/997/8/343/313/323/1100/628/
634,"Nucleus of the posterior commissure",NPC,9,6,/997/8/343/313/323/1100/634/
706,"Olivary pretectal nucleus",OP,9,6,/997/8/343/313/323/1100/706/
1061,"Posterior pretectal nucleus",PPT,9,6,/997/8/343/313/323/1100/1061/
549009203,"Retroparafascicular nucleus",RPF,9,6,/997/8/343/313/323/1100/549009203/
549009207,"Intercollicular nucleus",InCo,8,5,/997/8/343/313/323/549009207/
616,"Cuneiform nucleus",CUN,8,5,/997/8/343/313/323/616/
214,"Red nucleus",RN,8,5,/997/8/343/313/323/214/
35,"Oculomotor nucleus",III,8,5,/997/8/343/313/323/35/
549009211,"Medial accesory oculomotor nucleus",MA3,8,5,/997/8/343/313/323/549009211/
975,"Edinger-Westphal nucleus",EW,8,5,/997/8/343/313/323/975/
115,"Trochlear nucleus",IV,8,5,/997/8/343/313/323/115/
606826663,"Paratrochlear nucleus",Pa4,8,5,/997/8/343/313/323/606826663/
757,"Ventral tegmental nucleus",VTN,8,5,/997/8/343/313/323/757/
231,"Anterior tegmental nucleus",AT,8,5,/997/8/343/313/323/231/
66,"Lateral terminal nucleus of the accessory optic tract",LT,8,5,/997/8/343/313/323/66/
75,"Dorsal terminal nucleus of the accessory optic tract",DT,8,5,/997/8/343/313/323/75/
58,"Medial terminal nucleus of the accessory optic tract",MT,8,5,/997/8/343/313/323/58/
615,"Substantia nigra, lateral part",SNl,8,5,/997/8/343/313/323/615/
348,"Midbrain, behavioral state related",MBsta,6,4,/997/8/343/313/348/
374,"Substantia nigra, compact part",SNc,8,5,/997/8/343/313/348/374/
1052,"Pedunculopontine nucleus",PPN,8,5,/997/8/343/313/348/1052/
165,"Midbrain raphe nuclei",RAmb,7,5,/997/8/343/313/348/165/
12,"Interfascicular nucleus raphe",IF,8,6,/997/8/343/313/348/165/12/
100,"Interpeduncular nucleus",IPN,8,6,/997/8/343/313/348/165/100/
607344834,"Interpeduncular nucleus, rostral",IPR,9,7,/997/8/343/313/348/165/100/607344834/
607344838,"Interpeduncular nucleus, caudal",IPC,9,7,/997/8/343/313/348/165/100/607344838/
607344842,"Interpeduncular nucleus, apical",IPA,9,7,/997/8/343/313/348/165/100/607344842/
607344846,"Interpeduncular nucleus, lateral",IPL,9,7,/997/8/343/313/348/165/100/607344846/
607344850,"Interpeduncular nucleus, intermediate",IPI,9,7,/997/8/343/313/348/165/100/607344850/
607344854,"Interpeduncular nucleus, dorsomedial",IPDM,9,7,/997/8/343/313/348/165/100/607344854/
607344858,"Interpeduncular nucleus, dorsolateral",IPDL,9,7,/997/8/343/313/348/165/100/607344858/
607344862,"Interpeduncular nucleus, rostrolateral",IPRL,9,7,/997/8/343/313/348/165/100/607344862/
197,"Rostral linear nucleus raphe",RL,8,6,/997/8/343/313/348/165/197/
591,"Central linear nucleus raphe",CLI,8,6,/997/8/343/313/348/165/591/
872,"Dorsal nucleus raphe",DR,8,6,/997/8/343/313/348/165/872/
1065,"Hindbrain",HB,3,3,/997/8/343/1065/
771,"Pons",P,5,4,/997/8/343/1065/771/
1132,"Pons, sensory related",P-sen,6,5,/997/8/343/1065/771/1132/
612,"Nucleus of the lateral lemniscus",NLL,8,6,/997/8/343/1065/771/1132/612/
82,"Nucleus of the lateral lemniscus, dorsal part",NLLd,9,7,/997/8/343/1065/771/1132/612/82/
90,"Nucleus of the lateral lemniscus, horizontal part",NLLh,9,7,/997/8/343/1065/771/1132/612/90/
99,"Nucleus of the lateral lemniscus, ventral part",NLLv,9,7,/997/8/343/1065/771/1132/612/99/
7,"Principal sensory nucleus of the trigeminal",PSV,8,6,/997/8/343/1065/771/1132/7/
867,"Parabrachial nucleus",PB,8,6,/997/8/343/1065/771/1132/867/
123,"Koelliker-Fuse subnucleus",KF,9,7,/997/8/343/1065/771/1132/867/123/
881,"Parabrachial nucleus, lateral division",PBl,9,7,/997/8/343/1065/771/1132/867/881/
860,"Parabrachial nucleus, lateral division, central lateral part",PBlc,10,8,/997/8/343/1065/771/1132/867/881/860/
868,"Parabrachial nucleus, lateral division, dorsal lateral part",PBld,10,8,/997/8/343/1065/771/1132/867/881/868/
875,"Parabrachial nucleus, lateral division, external lateral part",PBle,10,8,/997/8/343/1065/771/1132/867/881/875/
883,"Parabrachial nucleus, lateral division, superior lateral part",PBls,10,8,/997/8/343/1065/771/1132/867/881/883/
891,"Parabrachial nucleus, lateral division, ventral lateral part",PBlv,10,8,/997/8/343/1065/771/1132/867/881/891/
890,"Parabrachial nucleus, medial division",PBm,9,7,/997/8/343/1065/771/1132/867/890/
899,"Parabrachial nucleus, medial division, external medial part",PBme,10,8,/997/8/343/1065/771/1132/867/890/899/
915,"Parabrachial nucleus, medial division, medial medial part",PBmm,10,8,/997/8/343/1065/771/1132/867/890/915/
923,"Parabrachial nucleus, medial division, ventral medial part",PBmv,10,8,/997/8/343/1065/771/1132/867/890/923/
398,"Superior olivary complex",SOC,8,6,/997/8/343/1065/771/1132/398/
122,"Superior olivary complex, periolivary region",POR,9,7,/997/8/343/1065/771/1132/398/122/
105,"Superior olivary complex, medial part",SOCm,9,7,/997/8/343/1065/771/1132/398/105/
114,"Superior olivary complex, lateral part",SOCl,9,7,/997/8/343/1065/771/1132/398/114/
987,"Pons, motor related",P-mot,6,5,/997/8/343/1065/771/987/
280,"Barrington's nucleus",B,8,6,/997/8/343/1065/771/987/280/
880,"Dorsal tegmental nucleus",DTN,8,6,/997/8/343/1065/771/987/880/
283,"Lateral tegmental nucleus",LTN,8,6,/997/8/343/1065/771/987/283/
599626927,"Posterodorsal tegmental nucleus",PDTg,8,6,/997/8/343/1065/771/987/599626927/
898,"Pontine central gray",PCG,8,6,/997/8/343/1065/771/987/898/
931,"Pontine gray",PG,8,6,/997/8/343/1065/771/987/931/
1093,"Pontine reticular nucleus, caudal part",PRNc,8,6,/997/8/343/1065/771/987/1093/
552,"Pontine reticular nucleus, ventral part",PRNv,8,6,/997/8/343/1065/771/987/552/
318,"Supragenual nucleus",SG,8,6,/997/8/343/1065/771/987/318/
462,"Superior salivatory nucleus",SSN,8,6,/997/8/343/1065/771/987/462/
534,"Supratrigeminal nucleus",SUT,8,6,/997/8/343/1065/771/987/534/
574,"Tegmental reticular nucleus",TRN,8,6,/997/8/343/1065/771/987/574/
621,"Motor nucleus of trigeminal",V,8,6,/997/8/343/1065/771/987/621/
549009215,"Peritrigeminal zone",P5,8,6,/997/8/343/1065/771/987/549009215/
549009219,"Accessory trigeminal nucleus",Acs5,8,6,/997/8/343/1065/771/987/549009219/
549009223,"Parvicellular motor 5 nucleus",PC5,8,6,/997/8/343/1065/771/987/549009223/
549009227,"Intertrigeminal nucleus",I5,8,6,/997/8/343/1065/771/987/549009227/
1117,"Pons, behavioral state related",P-sat,6,5,/997/8/343/1065/771/1117/
679,"Superior central nucleus raphe",CS,8,6,/997/8/343/1065/771/1117/679/
137,"Superior central nucleus raphe, lateral part",CSl,9,7,/997/8/343/1065/771/1117/679/137/
130,"Superior central nucleus raphe, medial part",CSm,9,7,/997/8/343/1065/771/1117/679/130/
147,"Locus ceruleus",LC,8,6,/997/8/343/1065/771/1117/147/
162,"Laterodorsal tegmental nucleus",LDT,8,6,/997/8/343/1065/771/1117/162/
604,"Nucleus incertus",NI,8,6,/997/8/343/1065/771/1117/604/
146,"Pontine reticular nucleus",PRNr,8,6,/997/8/343/1065/771/1117/146/
238,"Nucleus raphe pontis",RPO,8,6,/997/8/343/1065/771/1117/238/
350,"Subceruleus nucleus",SLC,8,6,/997/8/343/1065/771/1117/350/
358,"Sublaterodorsal nucleus",SLD,8,6,/997/8/343/1065/771/1117/358/
354,"Medulla",MY,5,4,/997/8/343/1065/354/
386,"Medulla, sensory related",MY-sen,6,5,/997/8/343/1065/354/386/
207,"Area postrema",AP,8,6,/997/8/343/1065/354/386/207/
607,"Cochlear nuclei",CN,7,6,/997/8/343/1065/354/386/607/
112,"Granular lamina of the cochlear nuclei",CNlam,8,7,/997/8/343/1065/354/386/607/112/
560,"Cochlear nucleus, subpedunclular granular region",CNspg,8,7,/997/8/343/1065/354/386/607/560/
96,"Dorsal cochlear nucleus",DCO,8,7,/997/8/343/1065/354/386/607/96/
101,"Ventral cochlear nucleus",VCO,8,7,/997/8/343/1065/354/386/607/101/
720,"Dorsal column nuclei",DCN,7,6,/997/8/343/1065/354/386/720/
711,"Cuneate nucleus",CU,8,7,/997/8/343/1065/354/386/720/711/
1039,"Gracile nucleus",GR,8,7,/997/8/343/1065/354/386/720/1039/
903,"External cuneate nucleus",ECU,8,6,/997/8/343/1065/354/386/903/
642,"Nucleus of the trapezoid body",NTB,8,6,/997/8/343/1065/354/386/642/
651,"Nucleus of the solitary tract",NTS,8,6,/997/8/343/1065/354/386/651/
659,"Nucleus of the solitary tract, central part",NTSce,9,7,/997/8/343/1065/354/386/651/659/
666,"Nucleus of the solitary tract, commissural part",NTSco,9,7,/997/8/343/1065/354/386/651/666/
674,"Nucleus of the solitary tract, gelatinous part",NTSge,9,7,/997/8/343/1065/354/386/651/674/
682,"Nucleus of the solitary tract, lateral part",NTSl,9,7,/997/8/343/1065/354/386/651/682/
691,"Nucleus of the solitary tract, medial part",NTSm,9,7,/997/8/343/1065/354/386/651/691/
429,"Spinal nucleus of the trigeminal, caudal part",SPVC,9,6,/997/8/343/1065/354/386/429/
437,"Spinal nucleus of the trigeminal, interpolar part",SPVI,9,6,/997/8/343/1065/354/386/437/
445,"Spinal nucleus of the trigeminal, oral part",SPVO,9,6,/997/8/343/1065/354/386/445/
77,"Spinal nucleus of the trigeminal, oral part, caudal dorsomedial part",SPVOcdm,10,7,/997/8/343/1065/354/386/445/77/
53,"Spinal nucleus of the trigeminal, oral part, middle dorsomedial part, dorsal zone",SPVOmdmd,10,7,/997/8/343/1065/354/386/445/53/
61,"Spinal nucleus of the trigeminal, oral part, middle dorsomedial part, ventral zone",SPVOmdmv,10,7,/997/8/343/1065/354/386/445/61/
45,"Spinal nucleus of the trigeminal, oral part, rostral dorsomedial part",SPVOrdm,10,7,/997/8/343/1065/354/386/445/45/
69,"Spinal nucleus of the trigeminal, oral part, ventrolateral part",SPVOvl,10,7,/997/8/343/1065/354/386/445/69/
589508451,"Paratrigeminal nucleus",Pa5,8,6,/997/8/343/1065/354/386/589508451/
789,"Nucleus z",z,8,6,/997/8/343/1065/354/386/789/
370,"Medulla, motor related",MY-mot,6,5,/997/8/343/1065/354/370/
653,"Abducens nucleus",VI,8,6,/997/8/343/1065/354/370/653/
568,"Accessory abducens nucleus",ACVI,8,6,/997/8/343/1065/354/370/568/
661,"Facial motor nucleus",VII,8,6,/997/8/343/1065/354/370/661/
576,"Accessory facial motor nucleus",ACVII,8,6,/997/8/343/1065/354/370/576/
640,"Efferent vestibular nucleus",EV,8,6,/997/8/343/1065/354/370/640/
135,"Nucleus ambiguus",AMB,8,6,/997/8/343/1065/354/370/135/
939,"Nucleus ambiguus, dorsal division",AMBd,9,7,/997/8/343/1065/354/370/135/939/
143,"Nucleus ambiguus, ventral division",AMBv,9,7,/997/8/343/1065/354/370/135/143/
839,"Dorsal motor nucleus of the vagus nerve",DMX,8,6,/997/8/343/1065/354/370/839/
887,"Efferent cochlear group",ECO,8,6,/997/8/343/1065/354/370/887/
1048,"Gigantocellular reticular nucleus",GRN,8,6,/997/8/343/1065/354/370/1048/
372,"Infracerebellar nucleus",ICB,8,6,/997/8/343/1065/354/370/372/
83,"Inferior olivary complex",IO,8,6,/997/8/343/1065/354/370/83/
136,"Intermediate reticular nucleus",IRN,8,6,/997/8/343/1065/354/370/136/
106,"Inferior salivatory nucleus",ISN,8,6,/997/8/343/1065/354/370/106/
203,"Linear nucleus of the medulla",LIN,8,6,/997/8/343/1065/354/370/203/
235,"Lateral reticular nucleus",LRN,8,6,/997/8/343/1065/354/370/235/
955,"Lateral reticular nucleus, magnocellular part",LRNm,9,7,/997/8/343/1065/354/370/235/955/
963,"Lateral reticular nucleus, parvicellular part",LRNp,9,7,/997/8/343/1065/354/370/235/963/
307,"Magnocellular reticular nucleus",MARN,8,6,/997/8/343/1065/354/370/307/
395,"Medullary reticular nucleus",MDRN,8,6,/997/8/343/1065/354/370/395/
1098,"Medullary reticular nucleus, dorsal part",MDRNd,9,7,/997/8/343/1065/354/370/395/1098/
1107,"Medullary reticular nucleus, ventral part",MDRNv,9,7,/997/8/343/1065/354/370/395/1107/
852,"Parvicellular reticular nucleus",PARN,8,6,/997/8/343/1065/354/370/852/
859,"Parasolitary nucleus",PAS,8,6,/997/8/343/1065/354/370/859/
938,"Paragigantocellular reticular nucleus",PGRN,8,6,/997/8/343/1065/354/370/938/
970,"Paragigantocellular reticular nucleus, dorsal part",PGRNd,9,7,/997/8/343/1065/354/370/938/970/
978,"Paragigantocellular reticular nucleus, lateral part",PGRNl,9,7,/997/8/343/1065/354/370/938/978/
154,"Perihypoglossal nuclei",PHY,7,6,/997/8/343/1065/354/370/154/
161,"Nucleus intercalatus",NIS,8,7,/997/8/343/1065/354/370/154/161/
177,"Nucleus of Roller",NR,8,7,/997/8/343/1065/354/370/154/177/
169,"Nucleus prepositus",PRP,8,7,/997/8/343/1065/354/370/154/169/
995,"Paramedian reticular nucleus",PMR,8,6,/997/8/343/1065/354/370/995/
1069,"Parapyramidal nucleus",PPY,8,6,/997/8/343/1065/354/370/1069/
185,"Parapyramidal nucleus, deep part",PPYd,9,7,/997/8/343/1065/354/370/1069/185/
193,"Parapyramidal nucleus, superficial part",PPYs,9,7,/997/8/343/1065/354/370/1069/193/
701,"Vestibular nuclei",VNC,7,6,/997/8/343/1065/354/370/701/
209,"Lateral vestibular nucleus",LAV,8,7,/997/8/343/1065/354/370/701/209/
202,"Medial vestibular nucleus",MV,8,7,/997/8/343/1065/354/370/701/202/
225,"Spinal vestibular nucleus",SPIV,8,7,/997/8/343/1065/354/370/701/225/
217,"Superior vestibular nucleus",SUV,8,7,/997/8/343/1065/354/370/701/217/
765,"Nucleus x",x,8,6,/997/8/343/1065/354/370/765/
773,"Hypoglossal nucleus",XII,8,6,/997/8/343/1065/354/370/773/
781,"Nucleus y",y,8,6,/997/8/343/1065/354/370/781/
76,"Interstitial nucleus of the vestibular nerve",INV,8,6,/997/8/343/1065/354/370/76/
379,"Medulla, behavioral state related",MY-sat,6,5,/997/8/343/1065/354/379/
206,"Nucleus raphe magnus",RM,8,6,/997/8/343/1065/354/379/206/
230,"Nucleus raphe pallidus",RPA,8,6,/997/8/343/1065/354/379/230/
222,"Nucleus raphe obscurus",RO,8,6,/997/8/343/1065/354/379/222/
73,"ventricular systems",VS,1,1,/997/73/
1009,"fiber tracts",fiber tracts,1,1,/997/1009/
512,"Cerebellum",CB,2,2,/997/8/512/
